locationID,created,waterLevel
http://odp.jig.jp/jp/fukui/sabae/waterlevelsensor/1,2017-10-15T23:55:01+09:00,77
http://odp.jig.jp/jp/fukui/sabae/waterlevelsensor/1,2017-10-15T23:50:02+09:00,77
http://odp.jig.jp/jp/fukui/sabae/waterlevelsensor/1,2017-10-15T23:45:01+09:00,77
http://odp.jig.jp/jp/fukui/sabae/waterlevelsensor/1,2017-10-15T23:40:01+09:00,77
http://odp.jig.jp/jp/fukui/sabae/waterlevelsensor/1,2017-10-15T23:35:01+09:00,77
http://odp.jig.jp/jp/fukui/sabae/waterlevelsensor/1,2017-10-15T23:30:01+09:00,76
http://odp.jig.jp/jp/fukui/sabae/waterlevelsensor/1,2017-10-15T23:25:01+09:00,76
http://odp.jig.jp/jp/fukui/sabae/waterlevelsensor/1,2017-10-15T23:20:01+09:00,77
http://odp.jig.jp/jp/fukui/sabae/waterlevelsensor/1,2017-10-15T23:15:01+09:00,76
http://odp.jig.jp/jp/fukui/sabae/waterlevelsensor/1,2017-10-15T23:05:01+09:00,76
http://odp.jig.jp/jp/fukui/sabae/waterlevelsensor/1,2017-10-15T23:00:01+09:00,76
http://odp.jig.jp/jp/fukui/sabae/waterlevelsensor/1,2017-10-15T22:55:01+09:00,76
http://odp.jig.jp/jp/fukui/sabae/waterlevelsensor/1,2017-10-15T22:50:01+09:00,76
http://odp.jig.jp/jp/fukui/sabae/waterlevelsensor/1,2017-10-15T22:45:01+09:00,75
http://odp.jig.jp/jp/fukui/sabae/waterlevelsensor/1,2017-10-15T22:40:01+09:00,75
http://odp.jig.jp/jp/fukui/sabae/waterlevelsensor/1,2017-10-15T22:35:01+09:00,75
http://odp.jig.jp/jp/fukui/sabae/waterlevelsensor/1,2017-10-15T22:30:02+09:00,75
http://odp.jig.jp/jp/fukui/sabae/waterlevelsensor/1,2017-10-15T22:25:01+09:00,75
http://odp.jig.jp/jp/fukui/sabae/waterlevelsensor/1,2017-10-15T22:20:01+09:00,75
http://odp.jig.jp/jp/fukui/sabae/waterlevelsensor/1,2017-10-15T22:15:01+09:00,75
http://odp.jig.jp/jp/fukui/sabae/waterlevelsensor/1,2017-10-15T22:10:01+09:00,75
http://odp.jig.jp/jp/fukui/sabae/waterlevelsensor/1,2017-10-15T22:05:01+09:00,75
http://odp.jig.jp/jp/fukui/sabae/waterlevelsensor/1,2017-10-15T21:55:01+09:00,75
http://odp.jig.jp/jp/fukui/sabae/waterlevelsensor/1,2017-10-15T21:50:01+09:00,75
http://odp.jig.jp/jp/fukui/sabae/waterlevelsensor/1,2017-10-15T21:45:01+09:00,75
http://odp.jig.jp/jp/fukui/sabae/waterlevelsensor/1,2017-10-15T21:40:02+09:00,75
http://odp.jig.jp/jp/fukui/sabae/waterlevelsensor/1,2017-10-15T21:35:01+09:00,75
http://odp.jig.jp/jp/fukui/sabae/waterlevelsensor/1,2017-10-15T21:30:01+09:00,75
http://odp.jig.jp/jp/fukui/sabae/waterlevelsensor/1,2017-10-15T21:25:01+09:00,75
http://odp.jig.jp/jp/fukui/sabae/waterlevelsensor/1,2017-10-15T21:20:01+09:00,75
http://odp.jig.jp/jp/fukui/sabae/waterlevelsensor/1,2017-10-15T21:10:02+09:00,75
http://odp.jig.jp/jp/fukui/sabae/waterlevelsensor/1,2017-10-15T21:05:01+09:00,75
http://odp.jig.jp/jp/fukui/sabae/waterlevelsensor/1,2017-10-15T21:00:01+09:00,75
http://odp.jig.jp/jp/fukui/sabae/waterlevelsensor/1,2017-10-15T20:55:01+09:00,75
http://odp.jig.jp/jp/fukui/sabae/waterlevelsensor/1,2017-10-15T20:50:01+09:00,75
http://odp.jig.jp/jp/fukui/sabae/waterlevelsensor/1,2017-10-15T20:45:01+09:00,75
http://odp.jig.jp/jp/fukui/sabae/waterlevelsensor/1,2017-10-15T20:40:01+09:00,75
http://odp.jig.jp/jp/fukui/sabae/waterlevelsensor/1,2017-10-15T20:35:01+09:00,75
http://odp.jig.jp/jp/fukui/sabae/waterlevelsensor/1,2017-10-15T20:30:01+09:00,75
http://odp.jig.jp/jp/fukui/sabae/waterlevelsensor/1,2017-10-15T20:25:02+09:00,75
http://odp.jig.jp/jp/fukui/sabae/waterlevelsensor/1,2017-10-15T20:20:01+09:00,75
http://odp.jig.jp/jp/fukui/sabae/waterlevelsensor/1,2017-10-15T20:15:01+09:00,75
http://odp.jig.jp/jp/fukui/sabae/waterlevelsensor/1,2017-10-15T20:10:01+09:00,75
http://odp.jig.jp/jp/fukui/sabae/waterlevelsensor/1,2017-10-15T20:05:01+09:00,75
http://odp.jig.jp/jp/fukui/sabae/waterlevelsensor/1,2017-10-15T20:00:01+09:00,75
http://odp.jig.jp/jp/fukui/sabae/waterlevelsensor/1,2017-10-15T19:55:01+09:00,75
http://odp.jig.jp/jp/fukui/sabae/waterlevelsensor/1,2017-10-15T19:50:01+09:00,75
http://odp.jig.jp/jp/fukui/sabae/waterlevelsensor/1,2017-10-15T19:45:01+09:00,75
http://odp.jig.jp/jp/fukui/sabae/waterlevelsensor/1,2017-10-15T19:40:01+09:00,75
http://odp.jig.jp/jp/fukui/sabae/waterlevelsensor/1,2017-10-15T19:35:01+09:00,75
http://odp.jig.jp/jp/fukui/sabae/waterlevelsensor/1,2017-10-15T19:25:01+09:00,75
http://odp.jig.jp/jp/fukui/sabae/waterlevelsensor/1,2017-10-15T19:20:01+09:00,75
http://odp.jig.jp/jp/fukui/sabae/waterlevelsensor/1,2017-10-15T19:15:01+09:00,75
http://odp.jig.jp/jp/fukui/sabae/waterlevelsensor/1,2017-10-15T19:10:01+09:00,75
http://odp.jig.jp/jp/fukui/sabae/waterlevelsensor/1,2017-10-15T19:05:01+09:00,76
http://odp.jig.jp/jp/fukui/sabae/waterlevelsensor/1,2017-10-15T19:00:01+09:00,75
http://odp.jig.jp/jp/fukui/sabae/waterlevelsensor/1,2017-10-15T18:55:01+09:00,75
http://odp.jig.jp/jp/fukui/sabae/waterlevelsensor/1,2017-10-15T18:50:01+09:00,75
http://odp.jig.jp/jp/fukui/sabae/waterlevelsensor/1,2017-10-15T18:45:01+09:00,75
http://odp.jig.jp/jp/fukui/sabae/waterlevelsensor/1,2017-10-15T18:40:01+09:00,75
http://odp.jig.jp/jp/fukui/sabae/waterlevelsensor/1,2017-10-15T18:30:01+09:00,75
http://odp.jig.jp/jp/fukui/sabae/waterlevelsensor/1,2017-10-15T18:25:01+09:00,75
http://odp.jig.jp/jp/fukui/sabae/waterlevelsensor/1,2017-10-15T18:20:01+09:00,75
http://odp.jig.jp/jp/fukui/sabae/waterlevelsensor/1,2017-10-15T18:15:01+09:00,75
http://odp.jig.jp/jp/fukui/sabae/waterlevelsensor/1,2017-10-15T18:10:01+09:00,75
http://odp.jig.jp/jp/fukui/sabae/waterlevelsensor/1,2017-10-15T18:05:01+09:00,75
http://odp.jig.jp/jp/fukui/sabae/waterlevelsensor/1,2017-10-15T18:00:01+09:00,75
http://odp.jig.jp/jp/fukui/sabae/waterlevelsensor/1,2017-10-15T17:55:01+09:00,76
http://odp.jig.jp/jp/fukui/sabae/waterlevelsensor/1,2017-10-15T17:50:01+09:00,76
http://odp.jig.jp/jp/fukui/sabae/waterlevelsensor/1,2017-10-15T17:45:01+09:00,76
http://odp.jig.jp/jp/fukui/sabae/waterlevelsensor/1,2017-10-15T17:40:01+09:00,76
http://odp.jig.jp/jp/fukui/sabae/waterlevelsensor/1,2017-10-15T17:35:01+09:00,76
http://odp.jig.jp/jp/fukui/sabae/waterlevelsensor/1,2017-10-15T17:30:01+09:00,76
http://odp.jig.jp/jp/fukui/sabae/waterlevelsensor/1,2017-10-15T17:25:01+09:00,76
http://odp.jig.jp/jp/fukui/sabae/waterlevelsensor/1,2017-10-15T17:20:01+09:00,76
http://odp.jig.jp/jp/fukui/sabae/waterlevelsensor/1,2017-10-15T17:15:01+09:00,76
http://odp.jig.jp/jp/fukui/sabae/waterlevelsensor/1,2017-10-15T17:10:01+09:00,76
http://odp.jig.jp/jp/fukui/sabae/waterlevelsensor/1,2017-10-15T17:05:01+09:00,76
http://odp.jig.jp/jp/fukui/sabae/waterlevelsensor/1,2017-10-15T17:00:01+09:00,76
http://odp.jig.jp/jp/fukui/sabae/waterlevelsensor/1,2017-10-15T16:55:01+09:00,76
http://odp.jig.jp/jp/fukui/sabae/waterlevelsensor/1,2017-10-15T16:50:01+09:00,76
http://odp.jig.jp/jp/fukui/sabae/waterlevelsensor/1,2017-10-15T16:45:01+09:00,76
http://odp.jig.jp/jp/fukui/sabae/waterlevelsensor/1,2017-10-15T16:40:01+09:00,76
http://odp.jig.jp/jp/fukui/sabae/waterlevelsensor/1,2017-10-15T16:35:01+09:00,76
http://odp.jig.jp/jp/fukui/sabae/waterlevelsensor/1,2017-10-15T16:30:01+09:00,76
http://odp.jig.jp/jp/fukui/sabae/waterlevelsensor/1,2017-10-15T16:25:01+09:00,76
http://odp.jig.jp/jp/fukui/sabae/waterlevelsensor/1,2017-10-15T16:20:01+09:00,76
http://odp.jig.jp/jp/fukui/sabae/waterlevelsensor/1,2017-10-15T16:15:01+09:00,76
http://odp.jig.jp/jp/fukui/sabae/waterlevelsensor/1,2017-10-15T16:10:01+09:00,76
http://odp.jig.jp/jp/fukui/sabae/waterlevelsensor/1,2017-10-15T16:05:01+09:00,76
http://odp.jig.jp/jp/fukui/sabae/waterlevelsensor/1,2017-10-15T15:55:01+09:00,76
http://odp.jig.jp/jp/fukui/sabae/waterlevelsensor/1,2017-10-15T15:50:01+09:00,76
http://odp.jig.jp/jp/fukui/sabae/waterlevelsensor/1,2017-10-15T15:45:02+09:00,76
http://odp.jig.jp/jp/fukui/sabae/waterlevelsensor/1,2017-10-15T15:40:01+09:00,76
http://odp.jig.jp/jp/fukui/sabae/waterlevelsensor/1,2017-10-15T15:35:01+09:00,76
http://odp.jig.jp/jp/fukui/sabae/waterlevelsensor/1,2017-10-15T15:30:01+09:00,76
http://odp.jig.jp/jp/fukui/sabae/waterlevelsensor/1,2017-10-15T15:25:01+09:00,76
http://odp.jig.jp/jp/fukui/sabae/waterlevelsensor/1,2017-10-15T15:20:01+09:00,76
http://odp.jig.jp/jp/fukui/sabae/waterlevelsensor/1,2017-10-15T15:15:01+09:00,76
http://odp.jig.jp/jp/fukui/sabae/waterlevelsensor/1,2017-10-15T15:10:01+09:00,76
http://odp.jig.jp/jp/fukui/sabae/waterlevelsensor/1,2017-10-15T15:05:01+09:00,76
http://odp.jig.jp/jp/fukui/sabae/waterlevelsensor/1,2017-10-15T15:00:01+09:00,76
http://odp.jig.jp/jp/fukui/sabae/waterlevelsensor/1,2017-10-15T14:55:01+09:00,76
http://odp.jig.jp/jp/fukui/sabae/waterlevelsensor/1,2017-10-15T14:50:01+09:00,76
http://odp.jig.jp/jp/fukui/sabae/waterlevelsensor/1,2017-10-15T14:40:01+09:00,76
http://odp.jig.jp/jp/fukui/sabae/waterlevelsensor/1,2017-10-15T14:35:01+09:00,76
http://odp.jig.jp/jp/fukui/sabae/waterlevelsensor/1,2017-10-15T14:30:01+09:00,76
http://odp.jig.jp/jp/fukui/sabae/waterlevelsensor/1,2017-10-15T14:25:01+09:00,76
http://odp.jig.jp/jp/fukui/sabae/waterlevelsensor/1,2017-10-15T14:20:01+09:00,76
http://odp.jig.jp/jp/fukui/sabae/waterlevelsensor/1,2017-10-15T14:15:01+09:00,76
http://odp.jig.jp/jp/fukui/sabae/waterlevelsensor/1,2017-10-15T14:10:01+09:00,76
http://odp.jig.jp/jp/fukui/sabae/waterlevelsensor/1,2017-10-15T14:05:01+09:00,76
http://odp.jig.jp/jp/fukui/sabae/waterlevelsensor/1,2017-10-15T14:00:01+09:00,76
http://odp.jig.jp/jp/fukui/sabae/waterlevelsensor/1,2017-10-15T13:55:02+09:00,76
http://odp.jig.jp/jp/fukui/sabae/waterlevelsensor/1,2017-10-15T13:50:01+09:00,76
http://odp.jig.jp/jp/fukui/sabae/waterlevelsensor/1,2017-10-15T13:45:02+09:00,76
http://odp.jig.jp/jp/fukui/sabae/waterlevelsensor/1,2017-10-15T13:40:01+09:00,76
http://odp.jig.jp/jp/fukui/sabae/waterlevelsensor/1,2017-10-15T13:35:01+09:00,76
http://odp.jig.jp/jp/fukui/sabae/waterlevelsensor/1,2017-10-15T13:30:01+09:00,76
http://odp.jig.jp/jp/fukui/sabae/waterlevelsensor/1,2017-10-15T13:25:01+09:00,76
http://odp.jig.jp/jp/fukui/sabae/waterlevelsensor/1,2017-10-15T13:20:02+09:00,76
http://odp.jig.jp/jp/fukui/sabae/waterlevelsensor/1,2017-10-15T13:15:01+09:00,76
http://odp.jig.jp/jp/fukui/sabae/waterlevelsensor/1,2017-10-15T13:10:01+09:00,76
http://odp.jig.jp/jp/fukui/sabae/waterlevelsensor/1,2017-10-15T13:05:01+09:00,76
http://odp.jig.jp/jp/fukui/sabae/waterlevelsensor/1,2017-10-15T13:00:01+09:00,76
http://odp.jig.jp/jp/fukui/sabae/waterlevelsensor/1,2017-10-15T12:55:01+09:00,76
http://odp.jig.jp/jp/fukui/sabae/waterlevelsensor/1,2017-10-15T12:50:01+09:00,76
http://odp.jig.jp/jp/fukui/sabae/waterlevelsensor/1,2017-10-15T12:45:01+09:00,76
http://odp.jig.jp/jp/fukui/sabae/waterlevelsensor/1,2017-10-15T12:40:01+09:00,76
http://odp.jig.jp/jp/fukui/sabae/waterlevelsensor/1,2017-10-15T12:35:01+09:00,76
http://odp.jig.jp/jp/fukui/sabae/waterlevelsensor/1,2017-10-15T12:30:01+09:00,76
http://odp.jig.jp/jp/fukui/sabae/waterlevelsensor/1,2017-10-15T12:20:01+09:00,76
http://odp.jig.jp/jp/fukui/sabae/waterlevelsensor/1,2017-10-15T12:15:01+09:00,76
http://odp.jig.jp/jp/fukui/sabae/waterlevelsensor/1,2017-10-15T12:05:01+09:00,76
http://odp.jig.jp/jp/fukui/sabae/waterlevelsensor/1,2017-10-15T12:00:01+09:00,76
http://odp.jig.jp/jp/fukui/sabae/waterlevelsensor/1,2017-10-15T11:55:01+09:00,76
http://odp.jig.jp/jp/fukui/sabae/waterlevelsensor/1,2017-10-15T11:45:01+09:00,76
http://odp.jig.jp/jp/fukui/sabae/waterlevelsensor/1,2017-10-15T11:40:01+09:00,75
http://odp.jig.jp/jp/fukui/sabae/waterlevelsensor/1,2017-10-15T11:35:01+09:00,75
http://odp.jig.jp/jp/fukui/sabae/waterlevelsensor/1,2017-10-15T11:30:01+09:00,75
http://odp.jig.jp/jp/fukui/sabae/waterlevelsensor/1,2017-10-15T11:25:01+09:00,75
http://odp.jig.jp/jp/fukui/sabae/waterlevelsensor/1,2017-10-15T11:20:02+09:00,75
http://odp.jig.jp/jp/fukui/sabae/waterlevelsensor/1,2017-10-15T11:15:01+09:00,75
http://odp.jig.jp/jp/fukui/sabae/waterlevelsensor/1,2017-10-15T11:10:01+09:00,75
http://odp.jig.jp/jp/fukui/sabae/waterlevelsensor/1,2017-10-15T11:05:01+09:00,75
http://odp.jig.jp/jp/fukui/sabae/waterlevelsensor/1,2017-10-15T11:00:01+09:00,75
http://odp.jig.jp/jp/fukui/sabae/waterlevelsensor/1,2017-10-15T10:55:01+09:00,75
http://odp.jig.jp/jp/fukui/sabae/waterlevelsensor/1,2017-10-15T10:50:01+09:00,75
http://odp.jig.jp/jp/fukui/sabae/waterlevelsensor/1,2017-10-15T10:45:01+09:00,75
http://odp.jig.jp/jp/fukui/sabae/waterlevelsensor/1,2017-10-15T10:40:01+09:00,75
http://odp.jig.jp/jp/fukui/sabae/waterlevelsensor/1,2017-10-15T10:35:01+09:00,74
http://odp.jig.jp/jp/fukui/sabae/waterlevelsensor/1,2017-10-15T10:30:02+09:00,74
http://odp.jig.jp/jp/fukui/sabae/waterlevelsensor/1,2017-10-15T10:25:01+09:00,74
http://odp.jig.jp/jp/fukui/sabae/waterlevelsensor/1,2017-10-15T10:20:01+09:00,74
http://odp.jig.jp/jp/fukui/sabae/waterlevelsensor/1,2017-10-15T10:15:01+09:00,74
http://odp.jig.jp/jp/fukui/sabae/waterlevelsensor/1,2017-10-15T10:10:01+09:00,74
http://odp.jig.jp/jp/fukui/sabae/waterlevelsensor/1,2017-10-15T10:05:01+09:00,74
http://odp.jig.jp/jp/fukui/sabae/waterlevelsensor/1,2017-10-15T10:00:01+09:00,74
http://odp.jig.jp/jp/fukui/sabae/waterlevelsensor/1,2017-10-15T09:55:01+09:00,74
http://odp.jig.jp/jp/fukui/sabae/waterlevelsensor/1,2017-10-15T09:50:01+09:00,74
http://odp.jig.jp/jp/fukui/sabae/waterlevelsensor/1,2017-10-15T09:45:01+09:00,74
http://odp.jig.jp/jp/fukui/sabae/waterlevelsensor/1,2017-10-15T09:40:01+09:00,74
http://odp.jig.jp/jp/fukui/sabae/waterlevelsensor/1,2017-10-15T09:35:01+09:00,74
http://odp.jig.jp/jp/fukui/sabae/waterlevelsensor/1,2017-10-15T09:30:02+09:00,74
http://odp.jig.jp/jp/fukui/sabae/waterlevelsensor/1,2017-10-15T09:25:01+09:00,74
http://odp.jig.jp/jp/fukui/sabae/waterlevelsensor/1,2017-10-15T09:20:01+09:00,74
http://odp.jig.jp/jp/fukui/sabae/waterlevelsensor/1,2017-10-15T09:15:01+09:00,74
http://odp.jig.jp/jp/fukui/sabae/waterlevelsensor/1,2017-10-15T09:10:01+09:00,74
http://odp.jig.jp/jp/fukui/sabae/waterlevelsensor/1,2017-10-15T09:05:01+09:00,74
http://odp.jig.jp/jp/fukui/sabae/waterlevelsensor/1,2017-10-15T09:00:01+09:00,74
http://odp.jig.jp/jp/fukui/sabae/waterlevelsensor/1,2017-10-15T08:55:01+09:00,74
http://odp.jig.jp/jp/fukui/sabae/waterlevelsensor/1,2017-10-15T08:50:01+09:00,74
http://odp.jig.jp/jp/fukui/sabae/waterlevelsensor/1,2017-10-15T08:45:01+09:00,74
http://odp.jig.jp/jp/fukui/sabae/waterlevelsensor/1,2017-10-15T08:40:01+09:00,74
http://odp.jig.jp/jp/fukui/sabae/waterlevelsensor/1,2017-10-15T08:35:01+09:00,74
http://odp.jig.jp/jp/fukui/sabae/waterlevelsensor/1,2017-10-15T08:30:01+09:00,73
http://odp.jig.jp/jp/fukui/sabae/waterlevelsensor/1,2017-10-15T08:25:01+09:00,74
http://odp.jig.jp/jp/fukui/sabae/waterlevelsensor/1,2017-10-15T08:20:01+09:00,74
http://odp.jig.jp/jp/fukui/sabae/waterlevelsensor/1,2017-10-15T08:15:01+09:00,73
http://odp.jig.jp/jp/fukui/sabae/waterlevelsensor/1,2017-10-15T08:10:01+09:00,73
http://odp.jig.jp/jp/fukui/sabae/waterlevelsensor/1,2017-10-15T08:05:01+09:00,73
http://odp.jig.jp/jp/fukui/sabae/waterlevelsensor/1,2017-10-15T08:00:01+09:00,73
http://odp.jig.jp/jp/fukui/sabae/waterlevelsensor/1,2017-10-15T07:55:01+09:00,73
http://odp.jig.jp/jp/fukui/sabae/waterlevelsensor/1,2017-10-15T07:50:01+09:00,73
http://odp.jig.jp/jp/fukui/sabae/waterlevelsensor/1,2017-10-15T07:45:01+09:00,73
http://odp.jig.jp/jp/fukui/sabae/waterlevelsensor/1,2017-10-15T07:35:01+09:00,73
http://odp.jig.jp/jp/fukui/sabae/waterlevelsensor/1,2017-10-15T07:30:01+09:00,73
http://odp.jig.jp/jp/fukui/sabae/waterlevelsensor/1,2017-10-15T07:20:01+09:00,73
http://odp.jig.jp/jp/fukui/sabae/waterlevelsensor/1,2017-10-15T07:15:01+09:00,73
http://odp.jig.jp/jp/fukui/sabae/waterlevelsensor/1,2017-10-15T07:10:01+09:00,73
http://odp.jig.jp/jp/fukui/sabae/waterlevelsensor/1,2017-10-15T07:05:01+09:00,73
http://odp.jig.jp/jp/fukui/sabae/waterlevelsensor/1,2017-10-15T07:00:02+09:00,73
http://odp.jig.jp/jp/fukui/sabae/waterlevelsensor/1,2017-10-15T06:55:01+09:00,73
http://odp.jig.jp/jp/fukui/sabae/waterlevelsensor/1,2017-10-15T06:50:01+09:00,73
http://odp.jig.jp/jp/fukui/sabae/waterlevelsensor/1,2017-10-15T06:45:01+09:00,73
http://odp.jig.jp/jp/fukui/sabae/waterlevelsensor/1,2017-10-15T06:40:01+09:00,73
http://odp.jig.jp/jp/fukui/sabae/waterlevelsensor/1,2017-10-15T06:35:01+09:00,73
http://odp.jig.jp/jp/fukui/sabae/waterlevelsensor/1,2017-10-15T06:30:01+09:00,73
http://odp.jig.jp/jp/fukui/sabae/waterlevelsensor/1,2017-10-15T06:25:01+09:00,73
http://odp.jig.jp/jp/fukui/sabae/waterlevelsensor/1,2017-10-15T06:20:01+09:00,73
http://odp.jig.jp/jp/fukui/sabae/waterlevelsensor/1,2017-10-15T06:15:01+09:00,73
http://odp.jig.jp/jp/fukui/sabae/waterlevelsensor/1,2017-10-15T06:10:01+09:00,73
http://odp.jig.jp/jp/fukui/sabae/waterlevelsensor/1,2017-10-15T06:05:01+09:00,73
http://odp.jig.jp/jp/fukui/sabae/waterlevelsensor/1,2017-10-15T06:00:01+09:00,73
http://odp.jig.jp/jp/fukui/sabae/waterlevelsensor/1,2017-10-15T05:55:01+09:00,73
http://odp.jig.jp/jp/fukui/sabae/waterlevelsensor/1,2017-10-15T05:50:01+09:00,73
http://odp.jig.jp/jp/fukui/sabae/waterlevelsensor/1,2017-10-15T05:45:01+09:00,73
http://odp.jig.jp/jp/fukui/sabae/waterlevelsensor/1,2017-10-15T05:40:01+09:00,73
http://odp.jig.jp/jp/fukui/sabae/waterlevelsensor/1,2017-10-15T05:35:01+09:00,73
http://odp.jig.jp/jp/fukui/sabae/waterlevelsensor/1,2017-10-15T05:30:01+09:00,73
http://odp.jig.jp/jp/fukui/sabae/waterlevelsensor/1,2017-10-15T05:25:01+09:00,73
http://odp.jig.jp/jp/fukui/sabae/waterlevelsensor/1,2017-10-15T05:20:01+09:00,73
http://odp.jig.jp/jp/fukui/sabae/waterlevelsensor/1,2017-10-15T05:15:01+09:00,73
http://odp.jig.jp/jp/fukui/sabae/waterlevelsensor/1,2017-10-15T05:10:01+09:00,73
http://odp.jig.jp/jp/fukui/sabae/waterlevelsensor/1,2017-10-15T05:05:01+09:00,73
http://odp.jig.jp/jp/fukui/sabae/waterlevelsensor/1,2017-10-15T04:55:01+09:00,73
http://odp.jig.jp/jp/fukui/sabae/waterlevelsensor/1,2017-10-15T04:50:01+09:00,73
http://odp.jig.jp/jp/fukui/sabae/waterlevelsensor/1,2017-10-15T04:45:01+09:00,73
http://odp.jig.jp/jp/fukui/sabae/waterlevelsensor/1,2017-10-15T04:40:01+09:00,73
http://odp.jig.jp/jp/fukui/sabae/waterlevelsensor/1,2017-10-15T04:35:01+09:00,73
http://odp.jig.jp/jp/fukui/sabae/waterlevelsensor/1,2017-10-15T04:30:01+09:00,73
http://odp.jig.jp/jp/fukui/sabae/waterlevelsensor/1,2017-10-15T04:25:01+09:00,73
http://odp.jig.jp/jp/fukui/sabae/waterlevelsensor/1,2017-10-15T04:20:01+09:00,73
http://odp.jig.jp/jp/fukui/sabae/waterlevelsensor/1,2017-10-15T04:15:01+09:00,73
http://odp.jig.jp/jp/fukui/sabae/waterlevelsensor/1,2017-10-15T04:10:01+09:00,73
http://odp.jig.jp/jp/fukui/sabae/waterlevelsensor/1,2017-10-15T04:05:01+09:00,73
http://odp.jig.jp/jp/fukui/sabae/waterlevelsensor/1,2017-10-15T04:00:01+09:00,73
http://odp.jig.jp/jp/fukui/sabae/waterlevelsensor/1,2017-10-15T03:55:01+09:00,73
http://odp.jig.jp/jp/fukui/sabae/waterlevelsensor/1,2017-10-15T03:50:01+09:00,73
http://odp.jig.jp/jp/fukui/sabae/waterlevelsensor/1,2017-10-15T03:45:01+09:00,73
http://odp.jig.jp/jp/fukui/sabae/waterlevelsensor/1,2017-10-15T03:40:01+09:00,74
http://odp.jig.jp/jp/fukui/sabae/waterlevelsensor/1,2017-10-15T03:35:01+09:00,73
http://odp.jig.jp/jp/fukui/sabae/waterlevelsensor/1,2017-10-15T03:30:01+09:00,74
http://odp.jig.jp/jp/fukui/sabae/waterlevelsensor/1,2017-10-15T03:25:01+09:00,74
http://odp.jig.jp/jp/fukui/sabae/waterlevelsensor/1,2017-10-15T03:20:01+09:00,73
http://odp.jig.jp/jp/fukui/sabae/waterlevelsensor/1,2017-10-15T03:15:01+09:00,73
http://odp.jig.jp/jp/fukui/sabae/waterlevelsensor/1,2017-10-15T03:10:01+09:00,73
http://odp.jig.jp/jp/fukui/sabae/waterlevelsensor/1,2017-10-15T03:05:01+09:00,73
http://odp.jig.jp/jp/fukui/sabae/waterlevelsensor/1,2017-10-15T03:00:01+09:00,73
http://odp.jig.jp/jp/fukui/sabae/waterlevelsensor/1,2017-10-15T02:55:01+09:00,74
http://odp.jig.jp/jp/fukui/sabae/waterlevelsensor/1,2017-10-15T02:50:01+09:00,74
http://odp.jig.jp/jp/fukui/sabae/waterlevelsensor/1,2017-10-15T02:45:02+09:00,74
http://odp.jig.jp/jp/fukui/sabae/waterlevelsensor/1,2017-10-15T02:40:01+09:00,74
http://odp.jig.jp/jp/fukui/sabae/waterlevelsensor/1,2017-10-15T02:35:01+09:00,74
http://odp.jig.jp/jp/fukui/sabae/waterlevelsensor/1,2017-10-15T02:30:01+09:00,73
http://odp.jig.jp/jp/fukui/sabae/waterlevelsensor/1,2017-10-15T02:25:01+09:00,74
http://odp.jig.jp/jp/fukui/sabae/waterlevelsensor/1,2017-10-15T02:20:01+09:00,74
http://odp.jig.jp/jp/fukui/sabae/waterlevelsensor/1,2017-10-15T02:15:01+09:00,74
http://odp.jig.jp/jp/fukui/sabae/waterlevelsensor/1,2017-10-15T02:10:01+09:00,74
http://odp.jig.jp/jp/fukui/sabae/waterlevelsensor/1,2017-10-15T02:05:01+09:00,74
http://odp.jig.jp/jp/fukui/sabae/waterlevelsensor/1,2017-10-15T02:00:01+09:00,74
http://odp.jig.jp/jp/fukui/sabae/waterlevelsensor/1,2017-10-15T01:55:01+09:00,74
http://odp.jig.jp/jp/fukui/sabae/waterlevelsensor/1,2017-10-15T01:50:02+09:00,74
http://odp.jig.jp/jp/fukui/sabae/waterlevelsensor/1,2017-10-15T01:45:01+09:00,74
http://odp.jig.jp/jp/fukui/sabae/waterlevelsensor/1,2017-10-15T01:40:01+09:00,74
http://odp.jig.jp/jp/fukui/sabae/waterlevelsensor/1,2017-10-15T01:35:01+09:00,74
http://odp.jig.jp/jp/fukui/sabae/waterlevelsensor/1,2017-10-15T01:30:01+09:00,74
http://odp.jig.jp/jp/fukui/sabae/waterlevelsensor/1,2017-10-15T01:25:01+09:00,74
http://odp.jig.jp/jp/fukui/sabae/waterlevelsensor/1,2017-10-15T01:20:01+09:00,74
http://odp.jig.jp/jp/fukui/sabae/waterlevelsensor/1,2017-10-15T01:15:01+09:00,74
http://odp.jig.jp/jp/fukui/sabae/waterlevelsensor/1,2017-10-15T01:10:01+09:00,74
http://odp.jig.jp/jp/fukui/sabae/waterlevelsensor/1,2017-10-15T01:05:01+09:00,74
http://odp.jig.jp/jp/fukui/sabae/waterlevelsensor/1,2017-10-15T01:00:01+09:00,74
http://odp.jig.jp/jp/fukui/sabae/waterlevelsensor/1,2017-10-15T00:55:01+09:00,74
http://odp.jig.jp/jp/fukui/sabae/waterlevelsensor/1,2017-10-15T00:50:01+09:00,74
http://odp.jig.jp/jp/fukui/sabae/waterlevelsensor/1,2017-10-15T00:45:01+09:00,74
http://odp.jig.jp/jp/fukui/sabae/waterlevelsensor/1,2017-10-15T00:40:01+09:00,74
http://odp.jig.jp/jp/fukui/sabae/waterlevelsensor/1,2017-10-15T00:35:01+09:00,74
http://odp.jig.jp/jp/fukui/sabae/waterlevelsensor/1,2017-10-15T00:30:01+09:00,74
http://odp.jig.jp/jp/fukui/sabae/waterlevelsensor/1,2017-10-15T00:25:01+09:00,75
http://odp.jig.jp/jp/fukui/sabae/waterlevelsensor/1,2017-10-15T00:20:01+09:00,75
http://odp.jig.jp/jp/fukui/sabae/waterlevelsensor/1,2017-10-15T00:15:01+09:00,75
http://odp.jig.jp/jp/fukui/sabae/waterlevelsensor/1,2017-10-15T00:10:01+09:00,74
http://odp.jig.jp/jp/fukui/sabae/waterlevelsensor/1,2017-10-15T00:05:01+09:00,75
http://odp.jig.jp/jp/fukui/sabae/waterlevelsensor/1,2017-10-15T00:00:01+09:00,75
http://odp.jig.jp/jp/fukui/sabae/waterlevelsensor/1,2017-10-14T23:55:01+09:00,75
http://odp.jig.jp/jp/fukui/sabae/waterlevelsensor/1,2017-10-14T23:50:01+09:00,75
http://odp.jig.jp/jp/fukui/sabae/waterlevelsensor/1,2017-10-14T23:45:01+09:00,75
http://odp.jig.jp/jp/fukui/sabae/waterlevelsensor/1,2017-10-14T23:40:01+09:00,75
http://odp.jig.jp/jp/fukui/sabae/waterlevelsensor/1,2017-10-14T23:35:01+09:00,75
http://odp.jig.jp/jp/fukui/sabae/waterlevelsensor/1,2017-10-14T23:30:01+09:00,75
http://odp.jig.jp/jp/fukui/sabae/waterlevelsensor/1,2017-10-14T23:25:01+09:00,75
http://odp.jig.jp/jp/fukui/sabae/waterlevelsensor/1,2017-10-14T23:20:01+09:00,75
http://odp.jig.jp/jp/fukui/sabae/waterlevelsensor/1,2017-10-14T23:15:01+09:00,75
http://odp.jig.jp/jp/fukui/sabae/waterlevelsensor/1,2017-10-14T23:10:01+09:00,75
http://odp.jig.jp/jp/fukui/sabae/waterlevelsensor/1,2017-10-14T23:05:01+09:00,75
http://odp.jig.jp/jp/fukui/sabae/waterlevelsensor/1,2017-10-14T23:00:01+09:00,75
http://odp.jig.jp/jp/fukui/sabae/waterlevelsensor/1,2017-10-14T22:55:01+09:00,75
http://odp.jig.jp/jp/fukui/sabae/waterlevelsensor/1,2017-10-14T22:50:01+09:00,75
http://odp.jig.jp/jp/fukui/sabae/waterlevelsensor/1,2017-10-14T22:45:01+09:00,75
http://odp.jig.jp/jp/fukui/sabae/waterlevelsensor/1,2017-10-14T22:40:01+09:00,75
http://odp.jig.jp/jp/fukui/sabae/waterlevelsensor/1,2017-10-14T22:35:01+09:00,75
http://odp.jig.jp/jp/fukui/sabae/waterlevelsensor/1,2017-10-14T22:30:01+09:00,75
http://odp.jig.jp/jp/fukui/sabae/waterlevelsensor/1,2017-10-14T22:25:01+09:00,75
http://odp.jig.jp/jp/fukui/sabae/waterlevelsensor/1,2017-10-14T22:20:01+09:00,75
http://odp.jig.jp/jp/fukui/sabae/waterlevelsensor/1,2017-10-14T22:15:01+09:00,75
http://odp.jig.jp/jp/fukui/sabae/waterlevelsensor/1,2017-10-14T22:10:01+09:00,75
http://odp.jig.jp/jp/fukui/sabae/waterlevelsensor/1,2017-10-14T22:05:01+09:00,75
http://odp.jig.jp/jp/fukui/sabae/waterlevelsensor/1,2017-10-14T22:00:01+09:00,75
http://odp.jig.jp/jp/fukui/sabae/waterlevelsensor/1,2017-10-14T21:55:02+09:00,75
http://odp.jig.jp/jp/fukui/sabae/waterlevelsensor/1,2017-10-14T21:50:01+09:00,75
http://odp.jig.jp/jp/fukui/sabae/waterlevelsensor/1,2017-10-14T21:45:01+09:00,75
http://odp.jig.jp/jp/fukui/sabae/waterlevelsensor/1,2017-10-14T21:40:01+09:00,75
http://odp.jig.jp/jp/fukui/sabae/waterlevelsensor/1,2017-10-14T21:35:01+09:00,75
http://odp.jig.jp/jp/fukui/sabae/waterlevelsensor/1,2017-10-14T21:30:01+09:00,75
http://odp.jig.jp/jp/fukui/sabae/waterlevelsensor/1,2017-10-14T21:25:01+09:00,75
http://odp.jig.jp/jp/fukui/sabae/waterlevelsensor/1,2017-10-14T21:20:01+09:00,75
http://odp.jig.jp/jp/fukui/sabae/waterlevelsensor/1,2017-10-14T21:15:01+09:00,75
http://odp.jig.jp/jp/fukui/sabae/waterlevelsensor/1,2017-10-14T21:10:01+09:00,74
http://odp.jig.jp/jp/fukui/sabae/waterlevelsensor/1,2017-10-14T21:05:01+09:00,74
http://odp.jig.jp/jp/fukui/sabae/waterlevelsensor/1,2017-10-14T21:00:01+09:00,74
http://odp.jig.jp/jp/fukui/sabae/waterlevelsensor/1,2017-10-14T20:55:01+09:00,75
http://odp.jig.jp/jp/fukui/sabae/waterlevelsensor/1,2017-10-14T20:50:01+09:00,74
http://odp.jig.jp/jp/fukui/sabae/waterlevelsensor/1,2017-10-14T20:45:01+09:00,74
http://odp.jig.jp/jp/fukui/sabae/waterlevelsensor/1,2017-10-14T20:40:01+09:00,74
http://odp.jig.jp/jp/fukui/sabae/waterlevelsensor/1,2017-10-14T20:30:01+09:00,74
http://odp.jig.jp/jp/fukui/sabae/waterlevelsensor/1,2017-10-14T20:25:01+09:00,74
http://odp.jig.jp/jp/fukui/sabae/waterlevelsensor/1,2017-10-14T20:20:01+09:00,74
http://odp.jig.jp/jp/fukui/sabae/waterlevelsensor/1,2017-10-14T20:15:01+09:00,74
http://odp.jig.jp/jp/fukui/sabae/waterlevelsensor/1,2017-10-14T20:10:01+09:00,74
http://odp.jig.jp/jp/fukui/sabae/waterlevelsensor/1,2017-10-14T20:05:01+09:00,74
http://odp.jig.jp/jp/fukui/sabae/waterlevelsensor/1,2017-10-14T20:00:01+09:00,74
http://odp.jig.jp/jp/fukui/sabae/waterlevelsensor/1,2017-10-14T19:55:01+09:00,74
http://odp.jig.jp/jp/fukui/sabae/waterlevelsensor/1,2017-10-14T19:50:01+09:00,74
http://odp.jig.jp/jp/fukui/sabae/waterlevelsensor/1,2017-10-14T19:45:02+09:00,75
http://odp.jig.jp/jp/fukui/sabae/waterlevelsensor/1,2017-10-14T19:40:01+09:00,74
http://odp.jig.jp/jp/fukui/sabae/waterlevelsensor/1,2017-10-14T19:35:01+09:00,74
http://odp.jig.jp/jp/fukui/sabae/waterlevelsensor/1,2017-10-14T19:30:01+09:00,74
http://odp.jig.jp/jp/fukui/sabae/waterlevelsensor/1,2017-10-14T19:25:01+09:00,75
http://odp.jig.jp/jp/fukui/sabae/waterlevelsensor/1,2017-10-14T19:20:01+09:00,75
http://odp.jig.jp/jp/fukui/sabae/waterlevelsensor/1,2017-10-14T19:15:01+09:00,75
http://odp.jig.jp/jp/fukui/sabae/waterlevelsensor/1,2017-10-14T19:10:01+09:00,74
http://odp.jig.jp/jp/fukui/sabae/waterlevelsensor/1,2017-10-14T19:05:01+09:00,75
http://odp.jig.jp/jp/fukui/sabae/waterlevelsensor/1,2017-10-14T19:00:01+09:00,75
http://odp.jig.jp/jp/fukui/sabae/waterlevelsensor/1,2017-10-14T18:55:01+09:00,75
http://odp.jig.jp/jp/fukui/sabae/waterlevelsensor/1,2017-10-14T18:50:01+09:00,74
http://odp.jig.jp/jp/fukui/sabae/waterlevelsensor/1,2017-10-14T18:45:01+09:00,74
http://odp.jig.jp/jp/fukui/sabae/waterlevelsensor/1,2017-10-14T18:40:01+09:00,74
http://odp.jig.jp/jp/fukui/sabae/waterlevelsensor/1,2017-10-14T18:35:01+09:00,74
http://odp.jig.jp/jp/fukui/sabae/waterlevelsensor/1,2017-10-14T18:30:01+09:00,74
http://odp.jig.jp/jp/fukui/sabae/waterlevelsensor/1,2017-10-14T18:25:01+09:00,74
http://odp.jig.jp/jp/fukui/sabae/waterlevelsensor/1,2017-10-14T18:20:01+09:00,74
http://odp.jig.jp/jp/fukui/sabae/waterlevelsensor/1,2017-10-14T18:15:01+09:00,74
http://odp.jig.jp/jp/fukui/sabae/waterlevelsensor/1,2017-10-14T18:10:01+09:00,75
http://odp.jig.jp/jp/fukui/sabae/waterlevelsensor/1,2017-10-14T18:05:01+09:00,75
http://odp.jig.jp/jp/fukui/sabae/waterlevelsensor/1,2017-10-14T18:00:01+09:00,75
http://odp.jig.jp/jp/fukui/sabae/waterlevelsensor/1,2017-10-14T17:55:01+09:00,75
http://odp.jig.jp/jp/fukui/sabae/waterlevelsensor/1,2017-10-14T17:50:01+09:00,75
http://odp.jig.jp/jp/fukui/sabae/waterlevelsensor/1,2017-10-14T17:45:01+09:00,75
http://odp.jig.jp/jp/fukui/sabae/waterlevelsensor/1,2017-10-14T17:40:01+09:00,75
http://odp.jig.jp/jp/fukui/sabae/waterlevelsensor/1,2017-10-14T17:35:01+09:00,75
http://odp.jig.jp/jp/fukui/sabae/waterlevelsensor/1,2017-10-14T17:30:01+09:00,75
http://odp.jig.jp/jp/fukui/sabae/waterlevelsensor/1,2017-10-14T17:25:01+09:00,75
http://odp.jig.jp/jp/fukui/sabae/waterlevelsensor/1,2017-10-14T17:20:01+09:00,75
http://odp.jig.jp/jp/fukui/sabae/waterlevelsensor/1,2017-10-14T17:15:01+09:00,75
http://odp.jig.jp/jp/fukui/sabae/waterlevelsensor/1,2017-10-14T17:10:02+09:00,75
http://odp.jig.jp/jp/fukui/sabae/waterlevelsensor/1,2017-10-14T17:05:01+09:00,75
http://odp.jig.jp/jp/fukui/sabae/waterlevelsensor/1,2017-10-14T17:00:01+09:00,75
http://odp.jig.jp/jp/fukui/sabae/waterlevelsensor/1,2017-10-14T16:55:01+09:00,75
http://odp.jig.jp/jp/fukui/sabae/waterlevelsensor/1,2017-10-14T16:50:01+09:00,75
http://odp.jig.jp/jp/fukui/sabae/waterlevelsensor/1,2017-10-14T16:45:02+09:00,75
http://odp.jig.jp/jp/fukui/sabae/waterlevelsensor/1,2017-10-14T16:40:01+09:00,75
http://odp.jig.jp/jp/fukui/sabae/waterlevelsensor/1,2017-10-14T16:30:01+09:00,75
http://odp.jig.jp/jp/fukui/sabae/waterlevelsensor/1,2017-10-14T16:25:01+09:00,75
http://odp.jig.jp/jp/fukui/sabae/waterlevelsensor/1,2017-10-14T16:20:01+09:00,75
http://odp.jig.jp/jp/fukui/sabae/waterlevelsensor/1,2017-10-14T16:15:01+09:00,75
http://odp.jig.jp/jp/fukui/sabae/waterlevelsensor/1,2017-10-14T16:10:01+09:00,75
http://odp.jig.jp/jp/fukui/sabae/waterlevelsensor/1,2017-10-14T16:05:01+09:00,75
http://odp.jig.jp/jp/fukui/sabae/waterlevelsensor/1,2017-10-14T16:00:01+09:00,75
http://odp.jig.jp/jp/fukui/sabae/waterlevelsensor/1,2017-10-14T15:55:01+09:00,75
http://odp.jig.jp/jp/fukui/sabae/waterlevelsensor/1,2017-10-14T15:45:01+09:00,75
http://odp.jig.jp/jp/fukui/sabae/waterlevelsensor/1,2017-10-14T15:40:01+09:00,75
http://odp.jig.jp/jp/fukui/sabae/waterlevelsensor/1,2017-10-14T15:35:01+09:00,75
http://odp.jig.jp/jp/fukui/sabae/waterlevelsensor/1,2017-10-14T15:30:01+09:00,75
http://odp.jig.jp/jp/fukui/sabae/waterlevelsensor/1,2017-10-14T15:25:01+09:00,75
http://odp.jig.jp/jp/fukui/sabae/waterlevelsensor/1,2017-10-14T15:20:01+09:00,75
http://odp.jig.jp/jp/fukui/sabae/waterlevelsensor/1,2017-10-14T15:15:01+09:00,75
http://odp.jig.jp/jp/fukui/sabae/waterlevelsensor/1,2017-10-14T15:10:01+09:00,75
http://odp.jig.jp/jp/fukui/sabae/waterlevelsensor/1,2017-10-14T15:05:01+09:00,75
http://odp.jig.jp/jp/fukui/sabae/waterlevelsensor/1,2017-10-14T15:00:01+09:00,75
http://odp.jig.jp/jp/fukui/sabae/waterlevelsensor/1,2017-10-14T14:55:01+09:00,75
http://odp.jig.jp/jp/fukui/sabae/waterlevelsensor/1,2017-10-14T14:50:01+09:00,75
http://odp.jig.jp/jp/fukui/sabae/waterlevelsensor/1,2017-10-14T14:45:01+09:00,75
http://odp.jig.jp/jp/fukui/sabae/waterlevelsensor/1,2017-10-14T14:40:01+09:00,75
http://odp.jig.jp/jp/fukui/sabae/waterlevelsensor/1,2017-10-14T14:35:01+09:00,75
http://odp.jig.jp/jp/fukui/sabae/waterlevelsensor/1,2017-10-14T14:30:01+09:00,75
http://odp.jig.jp/jp/fukui/sabae/waterlevelsensor/1,2017-10-14T14:25:01+09:00,75
http://odp.jig.jp/jp/fukui/sabae/waterlevelsensor/1,2017-10-14T14:20:01+09:00,75
http://odp.jig.jp/jp/fukui/sabae/waterlevelsensor/1,2017-10-14T14:15:01+09:00,75
http://odp.jig.jp/jp/fukui/sabae/waterlevelsensor/1,2017-10-14T14:10:01+09:00,75
http://odp.jig.jp/jp/fukui/sabae/waterlevelsensor/1,2017-10-14T14:05:01+09:00,75
http://odp.jig.jp/jp/fukui/sabae/waterlevelsensor/1,2017-10-14T14:00:01+09:00,75
http://odp.jig.jp/jp/fukui/sabae/waterlevelsensor/1,2017-10-14T13:55:01+09:00,75
http://odp.jig.jp/jp/fukui/sabae/waterlevelsensor/1,2017-10-14T13:50:01+09:00,75
http://odp.jig.jp/jp/fukui/sabae/waterlevelsensor/1,2017-10-14T13:45:01+09:00,75
http://odp.jig.jp/jp/fukui/sabae/waterlevelsensor/1,2017-10-14T13:40:01+09:00,75
http://odp.jig.jp/jp/fukui/sabae/waterlevelsensor/1,2017-10-14T13:35:01+09:00,75
http://odp.jig.jp/jp/fukui/sabae/waterlevelsensor/1,2017-10-14T13:30:01+09:00,75
http://odp.jig.jp/jp/fukui/sabae/waterlevelsensor/1,2017-10-14T13:25:01+09:00,75
http://odp.jig.jp/jp/fukui/sabae/waterlevelsensor/1,2017-10-14T13:20:01+09:00,75
http://odp.jig.jp/jp/fukui/sabae/waterlevelsensor/1,2017-10-14T13:15:01+09:00,75
http://odp.jig.jp/jp/fukui/sabae/waterlevelsensor/1,2017-10-14T13:10:01+09:00,75
http://odp.jig.jp/jp/fukui/sabae/waterlevelsensor/1,2017-10-14T13:05:01+09:00,76
http://odp.jig.jp/jp/fukui/sabae/waterlevelsensor/1,2017-10-14T13:00:01+09:00,76
http://odp.jig.jp/jp/fukui/sabae/waterlevelsensor/1,2017-10-14T12:55:02+09:00,75
http://odp.jig.jp/jp/fukui/sabae/waterlevelsensor/1,2017-10-14T12:50:01+09:00,75
http://odp.jig.jp/jp/fukui/sabae/waterlevelsensor/1,2017-10-14T12:45:01+09:00,76
http://odp.jig.jp/jp/fukui/sabae/waterlevelsensor/1,2017-10-14T12:40:01+09:00,76
http://odp.jig.jp/jp/fukui/sabae/waterlevelsensor/1,2017-10-14T12:30:01+09:00,76
http://odp.jig.jp/jp/fukui/sabae/waterlevelsensor/1,2017-10-14T12:25:01+09:00,76
http://odp.jig.jp/jp/fukui/sabae/waterlevelsensor/1,2017-10-14T12:20:01+09:00,76
http://odp.jig.jp/jp/fukui/sabae/waterlevelsensor/1,2017-10-14T12:15:01+09:00,76
http://odp.jig.jp/jp/fukui/sabae/waterlevelsensor/1,2017-10-14T12:10:01+09:00,76
http://odp.jig.jp/jp/fukui/sabae/waterlevelsensor/1,2017-10-14T12:05:02+09:00,76
http://odp.jig.jp/jp/fukui/sabae/waterlevelsensor/1,2017-10-14T12:00:01+09:00,76
http://odp.jig.jp/jp/fukui/sabae/waterlevelsensor/1,2017-10-14T11:55:01+09:00,76
http://odp.jig.jp/jp/fukui/sabae/waterlevelsensor/1,2017-10-14T11:50:01+09:00,76
http://odp.jig.jp/jp/fukui/sabae/waterlevelsensor/1,2017-10-14T11:45:01+09:00,76
http://odp.jig.jp/jp/fukui/sabae/waterlevelsensor/1,2017-10-14T11:40:01+09:00,76
http://odp.jig.jp/jp/fukui/sabae/waterlevelsensor/1,2017-10-14T11:35:01+09:00,76
http://odp.jig.jp/jp/fukui/sabae/waterlevelsensor/1,2017-10-14T11:30:01+09:00,76
http://odp.jig.jp/jp/fukui/sabae/waterlevelsensor/1,2017-10-14T11:20:01+09:00,76
http://odp.jig.jp/jp/fukui/sabae/waterlevelsensor/1,2017-10-14T11:15:01+09:00,76
http://odp.jig.jp/jp/fukui/sabae/waterlevelsensor/1,2017-10-14T11:10:02+09:00,76
http://odp.jig.jp/jp/fukui/sabae/waterlevelsensor/1,2017-10-14T11:05:01+09:00,76
http://odp.jig.jp/jp/fukui/sabae/waterlevelsensor/1,2017-10-14T11:00:01+09:00,76
http://odp.jig.jp/jp/fukui/sabae/waterlevelsensor/1,2017-10-14T10:55:01+09:00,76
http://odp.jig.jp/jp/fukui/sabae/waterlevelsensor/1,2017-10-14T10:45:02+09:00,76
http://odp.jig.jp/jp/fukui/sabae/waterlevelsensor/1,2017-10-14T10:40:01+09:00,76
http://odp.jig.jp/jp/fukui/sabae/waterlevelsensor/1,2017-10-14T10:35:01+09:00,75
http://odp.jig.jp/jp/fukui/sabae/waterlevelsensor/1,2017-10-14T10:30:02+09:00,76
http://odp.jig.jp/jp/fukui/sabae/waterlevelsensor/1,2017-10-14T10:25:01+09:00,75
http://odp.jig.jp/jp/fukui/sabae/waterlevelsensor/1,2017-10-14T10:20:01+09:00,75
http://odp.jig.jp/jp/fukui/sabae/waterlevelsensor/1,2017-10-14T10:10:01+09:00,75
http://odp.jig.jp/jp/fukui/sabae/waterlevelsensor/1,2017-10-14T10:05:01+09:00,75
http://odp.jig.jp/jp/fukui/sabae/waterlevelsensor/1,2017-10-14T10:00:01+09:00,75
http://odp.jig.jp/jp/fukui/sabae/waterlevelsensor/1,2017-10-14T09:55:01+09:00,75
http://odp.jig.jp/jp/fukui/sabae/waterlevelsensor/1,2017-10-14T09:50:01+09:00,76
http://odp.jig.jp/jp/fukui/sabae/waterlevelsensor/1,2017-10-14T09:45:01+09:00,75
http://odp.jig.jp/jp/fukui/sabae/waterlevelsensor/1,2017-10-14T09:40:01+09:00,76
http://odp.jig.jp/jp/fukui/sabae/waterlevelsensor/1,2017-10-14T09:30:01+09:00,76
http://odp.jig.jp/jp/fukui/sabae/waterlevelsensor/1,2017-10-14T09:25:01+09:00,76
http://odp.jig.jp/jp/fukui/sabae/waterlevelsensor/1,2017-10-14T09:20:01+09:00,75
http://odp.jig.jp/jp/fukui/sabae/waterlevelsensor/1,2017-10-14T09:15:01+09:00,76
http://odp.jig.jp/jp/fukui/sabae/waterlevelsensor/1,2017-10-14T09:10:01+09:00,76
http://odp.jig.jp/jp/fukui/sabae/waterlevelsensor/1,2017-10-14T09:05:01+09:00,76
http://odp.jig.jp/jp/fukui/sabae/waterlevelsensor/1,2017-10-14T09:00:01+09:00,76
http://odp.jig.jp/jp/fukui/sabae/waterlevelsensor/1,2017-10-14T08:55:01+09:00,76
http://odp.jig.jp/jp/fukui/sabae/waterlevelsensor/1,2017-10-14T08:50:01+09:00,76
http://odp.jig.jp/jp/fukui/sabae/waterlevelsensor/1,2017-10-14T08:45:01+09:00,76
http://odp.jig.jp/jp/fukui/sabae/waterlevelsensor/1,2017-10-14T08:40:01+09:00,76
http://odp.jig.jp/jp/fukui/sabae/waterlevelsensor/1,2017-10-14T08:35:01+09:00,76
http://odp.jig.jp/jp/fukui/sabae/waterlevelsensor/1,2017-10-14T08:30:01+09:00,76
http://odp.jig.jp/jp/fukui/sabae/waterlevelsensor/1,2017-10-14T08:25:01+09:00,76
http://odp.jig.jp/jp/fukui/sabae/waterlevelsensor/1,2017-10-14T08:20:01+09:00,76
http://odp.jig.jp/jp/fukui/sabae/waterlevelsensor/1,2017-10-14T08:15:01+09:00,76
http://odp.jig.jp/jp/fukui/sabae/waterlevelsensor/1,2017-10-14T08:10:02+09:00,76
http://odp.jig.jp/jp/fukui/sabae/waterlevelsensor/1,2017-10-14T08:05:01+09:00,76
http://odp.jig.jp/jp/fukui/sabae/waterlevelsensor/1,2017-10-14T08:00:01+09:00,76
http://odp.jig.jp/jp/fukui/sabae/waterlevelsensor/1,2017-10-14T07:55:01+09:00,75
http://odp.jig.jp/jp/fukui/sabae/waterlevelsensor/1,2017-10-14T07:50:01+09:00,76
http://odp.jig.jp/jp/fukui/sabae/waterlevelsensor/1,2017-10-14T07:45:01+09:00,75
http://odp.jig.jp/jp/fukui/sabae/waterlevelsensor/1,2017-10-14T07:40:01+09:00,75
http://odp.jig.jp/jp/fukui/sabae/waterlevelsensor/1,2017-10-14T07:35:01+09:00,75
http://odp.jig.jp/jp/fukui/sabae/waterlevelsensor/1,2017-10-14T07:30:01+09:00,75
http://odp.jig.jp/jp/fukui/sabae/waterlevelsensor/1,2017-10-14T07:25:01+09:00,75
http://odp.jig.jp/jp/fukui/sabae/waterlevelsensor/1,2017-10-14T07:20:01+09:00,75
http://odp.jig.jp/jp/fukui/sabae/waterlevelsensor/1,2017-10-14T07:15:01+09:00,75
http://odp.jig.jp/jp/fukui/sabae/waterlevelsensor/1,2017-10-14T07:10:01+09:00,76
http://odp.jig.jp/jp/fukui/sabae/waterlevelsensor/1,2017-10-14T07:05:01+09:00,75
http://odp.jig.jp/jp/fukui/sabae/waterlevelsensor/1,2017-10-14T07:00:01+09:00,75
http://odp.jig.jp/jp/fukui/sabae/waterlevelsensor/1,2017-10-14T06:55:01+09:00,75
http://odp.jig.jp/jp/fukui/sabae/waterlevelsensor/1,2017-10-14T06:50:01+09:00,75
http://odp.jig.jp/jp/fukui/sabae/waterlevelsensor/1,2017-10-14T06:45:01+09:00,75
http://odp.jig.jp/jp/fukui/sabae/waterlevelsensor/1,2017-10-14T06:40:01+09:00,75
http://odp.jig.jp/jp/fukui/sabae/waterlevelsensor/1,2017-10-14T06:35:01+09:00,75
http://odp.jig.jp/jp/fukui/sabae/waterlevelsensor/1,2017-10-14T06:30:01+09:00,75
http://odp.jig.jp/jp/fukui/sabae/waterlevelsensor/1,2017-10-14T06:25:01+09:00,76
http://odp.jig.jp/jp/fukui/sabae/waterlevelsensor/1,2017-10-14T06:20:01+09:00,76
http://odp.jig.jp/jp/fukui/sabae/waterlevelsensor/1,2017-10-14T06:15:01+09:00,76
http://odp.jig.jp/jp/fukui/sabae/waterlevelsensor/1,2017-10-14T06:10:01+09:00,76
http://odp.jig.jp/jp/fukui/sabae/waterlevelsensor/1,2017-10-14T06:05:01+09:00,76
http://odp.jig.jp/jp/fukui/sabae/waterlevelsensor/1,2017-10-14T06:00:01+09:00,76
http://odp.jig.jp/jp/fukui/sabae/waterlevelsensor/1,2017-10-14T05:55:01+09:00,76
http://odp.jig.jp/jp/fukui/sabae/waterlevelsensor/1,2017-10-14T05:50:01+09:00,76
http://odp.jig.jp/jp/fukui/sabae/waterlevelsensor/1,2017-10-14T05:45:01+09:00,76
http://odp.jig.jp/jp/fukui/sabae/waterlevelsensor/1,2017-10-14T05:40:01+09:00,76
http://odp.jig.jp/jp/fukui/sabae/waterlevelsensor/1,2017-10-14T05:35:01+09:00,76
http://odp.jig.jp/jp/fukui/sabae/waterlevelsensor/1,2017-10-14T05:30:02+09:00,75
http://odp.jig.jp/jp/fukui/sabae/waterlevelsensor/1,2017-10-14T05:25:01+09:00,75
http://odp.jig.jp/jp/fukui/sabae/waterlevelsensor/1,2017-10-14T05:20:01+09:00,76
http://odp.jig.jp/jp/fukui/sabae/waterlevelsensor/1,2017-10-14T05:15:01+09:00,76
http://odp.jig.jp/jp/fukui/sabae/waterlevelsensor/1,2017-10-14T05:10:01+09:00,76
http://odp.jig.jp/jp/fukui/sabae/waterlevelsensor/1,2017-10-14T05:05:01+09:00,76
http://odp.jig.jp/jp/fukui/sabae/waterlevelsensor/1,2017-10-14T05:00:02+09:00,76
http://odp.jig.jp/jp/fukui/sabae/waterlevelsensor/1,2017-10-14T04:55:01+09:00,76
http://odp.jig.jp/jp/fukui/sabae/waterlevelsensor/1,2017-10-14T04:50:01+09:00,75
http://odp.jig.jp/jp/fukui/sabae/waterlevelsensor/1,2017-10-14T04:45:01+09:00,75
http://odp.jig.jp/jp/fukui/sabae/waterlevelsensor/1,2017-10-14T04:40:01+09:00,75
http://odp.jig.jp/jp/fukui/sabae/waterlevelsensor/1,2017-10-14T04:35:01+09:00,76
http://odp.jig.jp/jp/fukui/sabae/waterlevelsensor/1,2017-10-14T04:25:01+09:00,76
http://odp.jig.jp/jp/fukui/sabae/waterlevelsensor/1,2017-10-14T04:20:01+09:00,76
http://odp.jig.jp/jp/fukui/sabae/waterlevelsensor/1,2017-10-14T04:15:01+09:00,76
http://odp.jig.jp/jp/fukui/sabae/waterlevelsensor/1,2017-10-14T04:10:01+09:00,76
http://odp.jig.jp/jp/fukui/sabae/waterlevelsensor/1,2017-10-14T04:05:01+09:00,76
http://odp.jig.jp/jp/fukui/sabae/waterlevelsensor/1,2017-10-14T04:00:01+09:00,76
http://odp.jig.jp/jp/fukui/sabae/waterlevelsensor/1,2017-10-14T03:50:01+09:00,76
http://odp.jig.jp/jp/fukui/sabae/waterlevelsensor/1,2017-10-14T03:45:01+09:00,76
http://odp.jig.jp/jp/fukui/sabae/waterlevelsensor/1,2017-10-14T03:40:01+09:00,76
http://odp.jig.jp/jp/fukui/sabae/waterlevelsensor/1,2017-10-14T03:35:01+09:00,76
http://odp.jig.jp/jp/fukui/sabae/waterlevelsensor/1,2017-10-14T03:30:01+09:00,76
http://odp.jig.jp/jp/fukui/sabae/waterlevelsensor/1,2017-10-14T03:25:01+09:00,76
http://odp.jig.jp/jp/fukui/sabae/waterlevelsensor/1,2017-10-14T03:20:01+09:00,76
http://odp.jig.jp/jp/fukui/sabae/waterlevelsensor/1,2017-10-14T03:15:01+09:00,76
http://odp.jig.jp/jp/fukui/sabae/waterlevelsensor/1,2017-10-14T03:10:01+09:00,76
http://odp.jig.jp/jp/fukui/sabae/waterlevelsensor/1,2017-10-14T03:05:01+09:00,76
http://odp.jig.jp/jp/fukui/sabae/waterlevelsensor/1,2017-10-14T03:00:01+09:00,76
http://odp.jig.jp/jp/fukui/sabae/waterlevelsensor/1,2017-10-14T02:55:01+09:00,77
http://odp.jig.jp/jp/fukui/sabae/waterlevelsensor/1,2017-10-14T02:50:01+09:00,77
http://odp.jig.jp/jp/fukui/sabae/waterlevelsensor/1,2017-10-14T02:45:01+09:00,76
http://odp.jig.jp/jp/fukui/sabae/waterlevelsensor/1,2017-10-14T02:40:01+09:00,77
http://odp.jig.jp/jp/fukui/sabae/waterlevelsensor/1,2017-10-14T02:35:01+09:00,77
http://odp.jig.jp/jp/fukui/sabae/waterlevelsensor/1,2017-10-14T02:30:01+09:00,77
http://odp.jig.jp/jp/fukui/sabae/waterlevelsensor/1,2017-10-14T02:25:01+09:00,77
http://odp.jig.jp/jp/fukui/sabae/waterlevelsensor/1,2017-10-14T02:20:01+09:00,77
http://odp.jig.jp/jp/fukui/sabae/waterlevelsensor/1,2017-10-14T02:15:01+09:00,77
http://odp.jig.jp/jp/fukui/sabae/waterlevelsensor/1,2017-10-14T02:10:01+09:00,77
http://odp.jig.jp/jp/fukui/sabae/waterlevelsensor/1,2017-10-14T02:05:01+09:00,77
http://odp.jig.jp/jp/fukui/sabae/waterlevelsensor/1,2017-10-14T02:00:01+09:00,77
http://odp.jig.jp/jp/fukui/sabae/waterlevelsensor/1,2017-10-14T01:55:01+09:00,77
http://odp.jig.jp/jp/fukui/sabae/waterlevelsensor/1,2017-10-14T01:50:01+09:00,77
http://odp.jig.jp/jp/fukui/sabae/waterlevelsensor/1,2017-10-14T01:45:01+09:00,77
http://odp.jig.jp/jp/fukui/sabae/waterlevelsensor/1,2017-10-14T01:35:01+09:00,77
http://odp.jig.jp/jp/fukui/sabae/waterlevelsensor/1,2017-10-14T01:30:01+09:00,77
http://odp.jig.jp/jp/fukui/sabae/waterlevelsensor/1,2017-10-14T01:25:01+09:00,77
http://odp.jig.jp/jp/fukui/sabae/waterlevelsensor/1,2017-10-14T01:20:01+09:00,77
http://odp.jig.jp/jp/fukui/sabae/waterlevelsensor/1,2017-10-14T01:15:02+09:00,77
http://odp.jig.jp/jp/fukui/sabae/waterlevelsensor/1,2017-10-14T01:10:01+09:00,77
http://odp.jig.jp/jp/fukui/sabae/waterlevelsensor/1,2017-10-14T01:05:01+09:00,77
http://odp.jig.jp/jp/fukui/sabae/waterlevelsensor/1,2017-10-14T01:00:01+09:00,77
http://odp.jig.jp/jp/fukui/sabae/waterlevelsensor/1,2017-10-14T00:55:01+09:00,77
http://odp.jig.jp/jp/fukui/sabae/waterlevelsensor/1,2017-10-14T00:50:01+09:00,77
http://odp.jig.jp/jp/fukui/sabae/waterlevelsensor/1,2017-10-14T00:45:01+09:00,77
http://odp.jig.jp/jp/fukui/sabae/waterlevelsensor/1,2017-10-14T00:40:01+09:00,77
http://odp.jig.jp/jp/fukui/sabae/waterlevelsensor/1,2017-10-14T00:35:01+09:00,77
http://odp.jig.jp/jp/fukui/sabae/waterlevelsensor/1,2017-10-14T00:30:01+09:00,77
http://odp.jig.jp/jp/fukui/sabae/waterlevelsensor/1,2017-10-14T00:25:01+09:00,77
http://odp.jig.jp/jp/fukui/sabae/waterlevelsensor/1,2017-10-14T00:20:01+09:00,77
http://odp.jig.jp/jp/fukui/sabae/waterlevelsensor/1,2017-10-14T00:15:01+09:00,77
http://odp.jig.jp/jp/fukui/sabae/waterlevelsensor/1,2017-10-14T00:10:01+09:00,77
http://odp.jig.jp/jp/fukui/sabae/waterlevelsensor/1,2017-10-14T00:05:01+09:00,77
http://odp.jig.jp/jp/fukui/sabae/waterlevelsensor/1,2017-10-14T00:00:01+09:00,77
http://odp.jig.jp/jp/fukui/sabae/waterlevelsensor/1,2017-10-13T23:55:01+09:00,77
http://odp.jig.jp/jp/fukui/sabae/waterlevelsensor/1,2017-10-13T23:50:01+09:00,76
http://odp.jig.jp/jp/fukui/sabae/waterlevelsensor/1,2017-10-13T23:45:01+09:00,76
http://odp.jig.jp/jp/fukui/sabae/waterlevelsensor/1,2017-10-13T23:40:01+09:00,76
http://odp.jig.jp/jp/fukui/sabae/waterlevelsensor/1,2017-10-13T23:35:01+09:00,76
http://odp.jig.jp/jp/fukui/sabae/waterlevelsensor/1,2017-10-13T23:30:01+09:00,76
http://odp.jig.jp/jp/fukui/sabae/waterlevelsensor/1,2017-10-13T23:25:01+09:00,76
http://odp.jig.jp/jp/fukui/sabae/waterlevelsensor/1,2017-10-13T23:20:01+09:00,76
http://odp.jig.jp/jp/fukui/sabae/waterlevelsensor/1,2017-10-13T23:15:01+09:00,75
http://odp.jig.jp/jp/fukui/sabae/waterlevelsensor/1,2017-10-13T23:10:01+09:00,75
http://odp.jig.jp/jp/fukui/sabae/waterlevelsensor/1,2017-10-13T23:05:01+09:00,75
http://odp.jig.jp/jp/fukui/sabae/waterlevelsensor/1,2017-10-13T23:00:01+09:00,75
http://odp.jig.jp/jp/fukui/sabae/waterlevelsensor/1,2017-10-13T22:55:01+09:00,74
http://odp.jig.jp/jp/fukui/sabae/waterlevelsensor/1,2017-10-13T22:50:01+09:00,74
http://odp.jig.jp/jp/fukui/sabae/waterlevelsensor/1,2017-10-13T22:45:01+09:00,74
http://odp.jig.jp/jp/fukui/sabae/waterlevelsensor/1,2017-10-13T22:40:01+09:00,73
http://odp.jig.jp/jp/fukui/sabae/waterlevelsensor/1,2017-10-13T22:35:01+09:00,73
http://odp.jig.jp/jp/fukui/sabae/waterlevelsensor/1,2017-10-13T22:30:01+09:00,73
http://odp.jig.jp/jp/fukui/sabae/waterlevelsensor/1,2017-10-13T22:25:01+09:00,72
http://odp.jig.jp/jp/fukui/sabae/waterlevelsensor/1,2017-10-13T22:15:01+09:00,72
http://odp.jig.jp/jp/fukui/sabae/waterlevelsensor/1,2017-10-13T22:10:01+09:00,71
http://odp.jig.jp/jp/fukui/sabae/waterlevelsensor/1,2017-10-13T22:05:01+09:00,71
http://odp.jig.jp/jp/fukui/sabae/waterlevelsensor/1,2017-10-13T22:00:01+09:00,71
http://odp.jig.jp/jp/fukui/sabae/waterlevelsensor/1,2017-10-13T21:55:01+09:00,71
http://odp.jig.jp/jp/fukui/sabae/waterlevelsensor/1,2017-10-13T21:50:01+09:00,71
http://odp.jig.jp/jp/fukui/sabae/waterlevelsensor/1,2017-10-13T21:45:01+09:00,71
http://odp.jig.jp/jp/fukui/sabae/waterlevelsensor/1,2017-10-13T21:40:01+09:00,71
http://odp.jig.jp/jp/fukui/sabae/waterlevelsensor/1,2017-10-13T21:35:01+09:00,71
http://odp.jig.jp/jp/fukui/sabae/waterlevelsensor/1,2017-10-13T21:30:01+09:00,71
http://odp.jig.jp/jp/fukui/sabae/waterlevelsensor/1,2017-10-13T21:25:01+09:00,71
http://odp.jig.jp/jp/fukui/sabae/waterlevelsensor/1,2017-10-13T21:20:01+09:00,72
http://odp.jig.jp/jp/fukui/sabae/waterlevelsensor/1,2017-10-13T21:15:01+09:00,72
http://odp.jig.jp/jp/fukui/sabae/waterlevelsensor/1,2017-10-13T21:10:01+09:00,72
http://odp.jig.jp/jp/fukui/sabae/waterlevelsensor/1,2017-10-13T21:05:01+09:00,72
http://odp.jig.jp/jp/fukui/sabae/waterlevelsensor/1,2017-10-13T20:55:01+09:00,73
http://odp.jig.jp/jp/fukui/sabae/waterlevelsensor/1,2017-10-13T20:50:01+09:00,73
http://odp.jig.jp/jp/fukui/sabae/waterlevelsensor/1,2017-10-13T20:45:01+09:00,74
http://odp.jig.jp/jp/fukui/sabae/waterlevelsensor/1,2017-10-13T20:40:01+09:00,74
http://odp.jig.jp/jp/fukui/sabae/waterlevelsensor/1,2017-10-13T20:35:01+09:00,74
http://odp.jig.jp/jp/fukui/sabae/waterlevelsensor/1,2017-10-13T20:30:01+09:00,74
http://odp.jig.jp/jp/fukui/sabae/waterlevelsensor/1,2017-10-13T20:25:01+09:00,75
http://odp.jig.jp/jp/fukui/sabae/waterlevelsensor/1,2017-10-13T20:20:01+09:00,75
http://odp.jig.jp/jp/fukui/sabae/waterlevelsensor/1,2017-10-13T20:15:01+09:00,75
http://odp.jig.jp/jp/fukui/sabae/waterlevelsensor/1,2017-10-13T20:10:01+09:00,76
http://odp.jig.jp/jp/fukui/sabae/waterlevelsensor/1,2017-10-13T20:05:01+09:00,76
http://odp.jig.jp/jp/fukui/sabae/waterlevelsensor/1,2017-10-13T20:00:02+09:00,76
http://odp.jig.jp/jp/fukui/sabae/waterlevelsensor/1,2017-10-13T19:55:01+09:00,77
http://odp.jig.jp/jp/fukui/sabae/waterlevelsensor/1,2017-10-13T19:45:01+09:00,77
http://odp.jig.jp/jp/fukui/sabae/waterlevelsensor/1,2017-10-13T19:40:01+09:00,78
http://odp.jig.jp/jp/fukui/sabae/waterlevelsensor/1,2017-10-13T19:35:01+09:00,78
http://odp.jig.jp/jp/fukui/sabae/waterlevelsensor/1,2017-10-13T19:30:01+09:00,78
http://odp.jig.jp/jp/fukui/sabae/waterlevelsensor/1,2017-10-13T19:25:01+09:00,78
http://odp.jig.jp/jp/fukui/sabae/waterlevelsensor/1,2017-10-13T19:20:01+09:00,78
http://odp.jig.jp/jp/fukui/sabae/waterlevelsensor/1,2017-10-13T19:15:02+09:00,78
http://odp.jig.jp/jp/fukui/sabae/waterlevelsensor/1,2017-10-13T19:10:01+09:00,78
http://odp.jig.jp/jp/fukui/sabae/waterlevelsensor/1,2017-10-13T19:05:01+09:00,78
http://odp.jig.jp/jp/fukui/sabae/waterlevelsensor/1,2017-10-13T19:00:01+09:00,78
http://odp.jig.jp/jp/fukui/sabae/waterlevelsensor/1,2017-10-13T18:55:01+09:00,78
http://odp.jig.jp/jp/fukui/sabae/waterlevelsensor/1,2017-10-13T18:50:01+09:00,78
http://odp.jig.jp/jp/fukui/sabae/waterlevelsensor/1,2017-10-13T18:45:01+09:00,78
http://odp.jig.jp/jp/fukui/sabae/waterlevelsensor/1,2017-10-13T18:40:01+09:00,78
http://odp.jig.jp/jp/fukui/sabae/waterlevelsensor/1,2017-10-13T18:35:01+09:00,79
http://odp.jig.jp/jp/fukui/sabae/waterlevelsensor/1,2017-10-13T18:30:01+09:00,78
http://odp.jig.jp/jp/fukui/sabae/waterlevelsensor/1,2017-10-13T18:25:01+09:00,78
http://odp.jig.jp/jp/fukui/sabae/waterlevelsensor/1,2017-10-13T18:15:02+09:00,78
http://odp.jig.jp/jp/fukui/sabae/waterlevelsensor/1,2017-10-13T18:10:01+09:00,78
http://odp.jig.jp/jp/fukui/sabae/waterlevelsensor/1,2017-10-13T18:05:02+09:00,78
http://odp.jig.jp/jp/fukui/sabae/waterlevelsensor/1,2017-10-13T18:00:01+09:00,78
http://odp.jig.jp/jp/fukui/sabae/waterlevelsensor/1,2017-10-13T17:55:01+09:00,79
http://odp.jig.jp/jp/fukui/sabae/waterlevelsensor/1,2017-10-13T17:50:01+09:00,79
http://odp.jig.jp/jp/fukui/sabae/waterlevelsensor/1,2017-10-13T17:45:01+09:00,79
http://odp.jig.jp/jp/fukui/sabae/waterlevelsensor/1,2017-10-13T17:40:01+09:00,79
http://odp.jig.jp/jp/fukui/sabae/waterlevelsensor/1,2017-10-13T17:35:01+09:00,79
http://odp.jig.jp/jp/fukui/sabae/waterlevelsensor/1,2017-10-13T17:30:02+09:00,79
http://odp.jig.jp/jp/fukui/sabae/waterlevelsensor/1,2017-10-13T17:25:01+09:00,79
http://odp.jig.jp/jp/fukui/sabae/waterlevelsensor/1,2017-10-13T17:20:01+09:00,79
http://odp.jig.jp/jp/fukui/sabae/waterlevelsensor/1,2017-10-13T17:15:01+09:00,79
http://odp.jig.jp/jp/fukui/sabae/waterlevelsensor/1,2017-10-13T17:10:01+09:00,79
http://odp.jig.jp/jp/fukui/sabae/waterlevelsensor/1,2017-10-13T17:05:01+09:00,79
http://odp.jig.jp/jp/fukui/sabae/waterlevelsensor/1,2017-10-13T17:00:01+09:00,79
http://odp.jig.jp/jp/fukui/sabae/waterlevelsensor/1,2017-10-13T16:55:01+09:00,79
http://odp.jig.jp/jp/fukui/sabae/waterlevelsensor/1,2017-10-13T16:50:01+09:00,79
http://odp.jig.jp/jp/fukui/sabae/waterlevelsensor/1,2017-10-13T16:45:01+09:00,79
http://odp.jig.jp/jp/fukui/sabae/waterlevelsensor/1,2017-10-13T16:40:01+09:00,79
http://odp.jig.jp/jp/fukui/sabae/waterlevelsensor/1,2017-10-13T16:35:01+09:00,79
http://odp.jig.jp/jp/fukui/sabae/waterlevelsensor/1,2017-10-13T16:30:01+09:00,79
http://odp.jig.jp/jp/fukui/sabae/waterlevelsensor/1,2017-10-13T16:25:01+09:00,80
http://odp.jig.jp/jp/fukui/sabae/waterlevelsensor/1,2017-10-13T16:20:01+09:00,80
http://odp.jig.jp/jp/fukui/sabae/waterlevelsensor/1,2017-10-13T16:10:01+09:00,80
http://odp.jig.jp/jp/fukui/sabae/waterlevelsensor/1,2017-10-13T16:05:01+09:00,80
http://odp.jig.jp/jp/fukui/sabae/waterlevelsensor/1,2017-10-13T16:00:01+09:00,80
http://odp.jig.jp/jp/fukui/sabae/waterlevelsensor/1,2017-10-13T15:55:01+09:00,80
http://odp.jig.jp/jp/fukui/sabae/waterlevelsensor/1,2017-10-13T15:50:01+09:00,80
http://odp.jig.jp/jp/fukui/sabae/waterlevelsensor/1,2017-10-13T15:45:01+09:00,80
http://odp.jig.jp/jp/fukui/sabae/waterlevelsensor/1,2017-10-13T15:40:01+09:00,80
http://odp.jig.jp/jp/fukui/sabae/waterlevelsensor/1,2017-10-13T15:35:01+09:00,80
http://odp.jig.jp/jp/fukui/sabae/waterlevelsensor/1,2017-10-13T15:30:01+09:00,80
http://odp.jig.jp/jp/fukui/sabae/waterlevelsensor/1,2017-10-13T15:25:01+09:00,80
http://odp.jig.jp/jp/fukui/sabae/waterlevelsensor/1,2017-10-13T15:20:01+09:00,80
http://odp.jig.jp/jp/fukui/sabae/waterlevelsensor/1,2017-10-13T15:15:01+09:00,80
http://odp.jig.jp/jp/fukui/sabae/waterlevelsensor/1,2017-10-13T15:10:01+09:00,80
http://odp.jig.jp/jp/fukui/sabae/waterlevelsensor/1,2017-10-13T15:05:01+09:00,80
http://odp.jig.jp/jp/fukui/sabae/waterlevelsensor/1,2017-10-13T15:00:01+09:00,80
http://odp.jig.jp/jp/fukui/sabae/waterlevelsensor/1,2017-10-13T14:55:01+09:00,80
http://odp.jig.jp/jp/fukui/sabae/waterlevelsensor/1,2017-10-13T14:50:01+09:00,80
http://odp.jig.jp/jp/fukui/sabae/waterlevelsensor/1,2017-10-13T14:45:01+09:00,80
http://odp.jig.jp/jp/fukui/sabae/waterlevelsensor/1,2017-10-13T14:40:01+09:00,80
http://odp.jig.jp/jp/fukui/sabae/waterlevelsensor/1,2017-10-13T14:35:01+09:00,80
http://odp.jig.jp/jp/fukui/sabae/waterlevelsensor/1,2017-10-13T14:30:01+09:00,80
http://odp.jig.jp/jp/fukui/sabae/waterlevelsensor/1,2017-10-13T14:25:01+09:00,80
http://odp.jig.jp/jp/fukui/sabae/waterlevelsensor/1,2017-10-13T14:15:01+09:00,80
http://odp.jig.jp/jp/fukui/sabae/waterlevelsensor/1,2017-10-13T14:10:01+09:00,80
http://odp.jig.jp/jp/fukui/sabae/waterlevelsensor/1,2017-10-13T14:05:01+09:00,80
http://odp.jig.jp/jp/fukui/sabae/waterlevelsensor/1,2017-10-13T14:00:01+09:00,80
http://odp.jig.jp/jp/fukui/sabae/waterlevelsensor/1,2017-10-13T13:55:01+09:00,80
http://odp.jig.jp/jp/fukui/sabae/waterlevelsensor/1,2017-10-13T13:50:01+09:00,80
http://odp.jig.jp/jp/fukui/sabae/waterlevelsensor/1,2017-10-13T13:45:01+09:00,80
http://odp.jig.jp/jp/fukui/sabae/waterlevelsensor/1,2017-10-13T13:40:01+09:00,80
http://odp.jig.jp/jp/fukui/sabae/waterlevelsensor/1,2017-10-13T13:35:01+09:00,80
http://odp.jig.jp/jp/fukui/sabae/waterlevelsensor/1,2017-10-13T13:30:01+09:00,80
http://odp.jig.jp/jp/fukui/sabae/waterlevelsensor/1,2017-10-13T13:25:01+09:00,81
http://odp.jig.jp/jp/fukui/sabae/waterlevelsensor/1,2017-10-13T13:20:01+09:00,81
http://odp.jig.jp/jp/fukui/sabae/waterlevelsensor/1,2017-10-13T13:15:01+09:00,81
http://odp.jig.jp/jp/fukui/sabae/waterlevelsensor/1,2017-10-13T13:10:02+09:00,81
http://odp.jig.jp/jp/fukui/sabae/waterlevelsensor/1,2017-10-13T13:05:01+09:00,81
http://odp.jig.jp/jp/fukui/sabae/waterlevelsensor/1,2017-10-13T13:00:01+09:00,81
http://odp.jig.jp/jp/fukui/sabae/waterlevelsensor/1,2017-10-13T12:55:01+09:00,81
http://odp.jig.jp/jp/fukui/sabae/waterlevelsensor/1,2017-10-13T12:50:01+09:00,81
http://odp.jig.jp/jp/fukui/sabae/waterlevelsensor/1,2017-10-13T12:45:01+09:00,81
http://odp.jig.jp/jp/fukui/sabae/waterlevelsensor/1,2017-10-13T12:40:01+09:00,81
http://odp.jig.jp/jp/fukui/sabae/waterlevelsensor/1,2017-10-13T12:35:01+09:00,81
http://odp.jig.jp/jp/fukui/sabae/waterlevelsensor/1,2017-10-13T12:30:01+09:00,81
http://odp.jig.jp/jp/fukui/sabae/waterlevelsensor/1,2017-10-13T12:25:01+09:00,81
http://odp.jig.jp/jp/fukui/sabae/waterlevelsensor/1,2017-10-13T12:20:01+09:00,81
http://odp.jig.jp/jp/fukui/sabae/waterlevelsensor/1,2017-10-13T12:15:01+09:00,81
http://odp.jig.jp/jp/fukui/sabae/waterlevelsensor/1,2017-10-13T12:10:01+09:00,81
http://odp.jig.jp/jp/fukui/sabae/waterlevelsensor/1,2017-10-13T12:05:01+09:00,81
http://odp.jig.jp/jp/fukui/sabae/waterlevelsensor/1,2017-10-13T12:00:01+09:00,81
http://odp.jig.jp/jp/fukui/sabae/waterlevelsensor/1,2017-10-13T11:55:01+09:00,81
http://odp.jig.jp/jp/fukui/sabae/waterlevelsensor/1,2017-10-13T11:50:01+09:00,81
http://odp.jig.jp/jp/fukui/sabae/waterlevelsensor/1,2017-10-13T11:45:01+09:00,81
http://odp.jig.jp/jp/fukui/sabae/waterlevelsensor/1,2017-10-13T11:40:02+09:00,81
http://odp.jig.jp/jp/fukui/sabae/waterlevelsensor/1,2017-10-13T11:35:01+09:00,81
http://odp.jig.jp/jp/fukui/sabae/waterlevelsensor/1,2017-10-13T11:30:01+09:00,81
http://odp.jig.jp/jp/fukui/sabae/waterlevelsensor/1,2017-10-13T11:25:01+09:00,81
http://odp.jig.jp/jp/fukui/sabae/waterlevelsensor/1,2017-10-13T11:20:01+09:00,81
http://odp.jig.jp/jp/fukui/sabae/waterlevelsensor/1,2017-10-13T11:15:01+09:00,81
http://odp.jig.jp/jp/fukui/sabae/waterlevelsensor/1,2017-10-13T11:10:01+09:00,81
http://odp.jig.jp/jp/fukui/sabae/waterlevelsensor/1,2017-10-13T11:05:01+09:00,81
http://odp.jig.jp/jp/fukui/sabae/waterlevelsensor/1,2017-10-13T11:00:01+09:00,81
http://odp.jig.jp/jp/fukui/sabae/waterlevelsensor/1,2017-10-13T10:55:01+09:00,81
http://odp.jig.jp/jp/fukui/sabae/waterlevelsensor/1,2017-10-13T10:50:01+09:00,81
http://odp.jig.jp/jp/fukui/sabae/waterlevelsensor/1,2017-10-13T10:45:01+09:00,81
http://odp.jig.jp/jp/fukui/sabae/waterlevelsensor/1,2017-10-13T10:40:01+09:00,81
http://odp.jig.jp/jp/fukui/sabae/waterlevelsensor/1,2017-10-13T10:35:01+09:00,81
http://odp.jig.jp/jp/fukui/sabae/waterlevelsensor/1,2017-10-13T10:30:01+09:00,81
http://odp.jig.jp/jp/fukui/sabae/waterlevelsensor/1,2017-10-13T10:25:01+09:00,81
http://odp.jig.jp/jp/fukui/sabae/waterlevelsensor/1,2017-10-13T10:20:01+09:00,81
http://odp.jig.jp/jp/fukui/sabae/waterlevelsensor/1,2017-10-13T10:15:01+09:00,81
http://odp.jig.jp/jp/fukui/sabae/waterlevelsensor/1,2017-10-13T10:10:01+09:00,81
http://odp.jig.jp/jp/fukui/sabae/waterlevelsensor/1,2017-10-13T10:05:01+09:00,81
http://odp.jig.jp/jp/fukui/sabae/waterlevelsensor/1,2017-10-13T10:00:01+09:00,80
http://odp.jig.jp/jp/fukui/sabae/waterlevelsensor/1,2017-10-13T09:55:01+09:00,81
http://odp.jig.jp/jp/fukui/sabae/waterlevelsensor/1,2017-10-13T09:50:01+09:00,81
http://odp.jig.jp/jp/fukui/sabae/waterlevelsensor/1,2017-10-13T09:45:01+09:00,80
http://odp.jig.jp/jp/fukui/sabae/waterlevelsensor/1,2017-10-13T09:40:01+09:00,80
http://odp.jig.jp/jp/fukui/sabae/waterlevelsensor/1,2017-10-13T09:35:01+09:00,80
http://odp.jig.jp/jp/fukui/sabae/waterlevelsensor/1,2017-10-13T09:30:01+09:00,80
http://odp.jig.jp/jp/fukui/sabae/waterlevelsensor/1,2017-10-13T09:25:02+09:00,80
http://odp.jig.jp/jp/fukui/sabae/waterlevelsensor/1,2017-10-13T09:20:01+09:00,80
http://odp.jig.jp/jp/fukui/sabae/waterlevelsensor/1,2017-10-13T09:15:01+09:00,80
http://odp.jig.jp/jp/fukui/sabae/waterlevelsensor/1,2017-10-13T09:10:01+09:00,80
http://odp.jig.jp/jp/fukui/sabae/waterlevelsensor/1,2017-10-13T09:05:01+09:00,80
http://odp.jig.jp/jp/fukui/sabae/waterlevelsensor/1,2017-10-13T09:00:01+09:00,80
http://odp.jig.jp/jp/fukui/sabae/waterlevelsensor/1,2017-10-13T08:55:01+09:00,79
http://odp.jig.jp/jp/fukui/sabae/waterlevelsensor/1,2017-10-13T08:50:01+09:00,80
http://odp.jig.jp/jp/fukui/sabae/waterlevelsensor/1,2017-10-13T08:45:01+09:00,80
http://odp.jig.jp/jp/fukui/sabae/waterlevelsensor/1,2017-10-13T08:40:01+09:00,79
http://odp.jig.jp/jp/fukui/sabae/waterlevelsensor/1,2017-10-13T08:35:01+09:00,79
http://odp.jig.jp/jp/fukui/sabae/waterlevelsensor/1,2017-10-13T08:30:01+09:00,79
http://odp.jig.jp/jp/fukui/sabae/waterlevelsensor/1,2017-10-13T08:25:01+09:00,79
http://odp.jig.jp/jp/fukui/sabae/waterlevelsensor/1,2017-10-13T08:20:01+09:00,79
http://odp.jig.jp/jp/fukui/sabae/waterlevelsensor/1,2017-10-13T08:15:01+09:00,79
http://odp.jig.jp/jp/fukui/sabae/waterlevelsensor/1,2017-10-13T08:10:01+09:00,79
http://odp.jig.jp/jp/fukui/sabae/waterlevelsensor/1,2017-10-13T08:05:01+09:00,79
http://odp.jig.jp/jp/fukui/sabae/waterlevelsensor/1,2017-10-13T08:00:02+09:00,79
http://odp.jig.jp/jp/fukui/sabae/waterlevelsensor/1,2017-10-13T07:55:01+09:00,79
http://odp.jig.jp/jp/fukui/sabae/waterlevelsensor/1,2017-10-13T07:50:01+09:00,79
http://odp.jig.jp/jp/fukui/sabae/waterlevelsensor/1,2017-10-13T07:45:01+09:00,78
http://odp.jig.jp/jp/fukui/sabae/waterlevelsensor/1,2017-10-13T07:40:01+09:00,78
http://odp.jig.jp/jp/fukui/sabae/waterlevelsensor/1,2017-10-13T07:35:01+09:00,79
http://odp.jig.jp/jp/fukui/sabae/waterlevelsensor/1,2017-10-13T07:30:01+09:00,78
http://odp.jig.jp/jp/fukui/sabae/waterlevelsensor/1,2017-10-13T07:25:01+09:00,78
http://odp.jig.jp/jp/fukui/sabae/waterlevelsensor/1,2017-10-13T07:20:02+09:00,79
http://odp.jig.jp/jp/fukui/sabae/waterlevelsensor/1,2017-10-13T07:15:01+09:00,78
http://odp.jig.jp/jp/fukui/sabae/waterlevelsensor/1,2017-10-13T07:10:01+09:00,78
http://odp.jig.jp/jp/fukui/sabae/waterlevelsensor/1,2017-10-13T07:05:01+09:00,78
http://odp.jig.jp/jp/fukui/sabae/waterlevelsensor/1,2017-10-13T07:00:01+09:00,78
http://odp.jig.jp/jp/fukui/sabae/waterlevelsensor/1,2017-10-13T06:55:01+09:00,78
http://odp.jig.jp/jp/fukui/sabae/waterlevelsensor/1,2017-10-13T06:50:01+09:00,78
http://odp.jig.jp/jp/fukui/sabae/waterlevelsensor/1,2017-10-13T06:45:01+09:00,78
http://odp.jig.jp/jp/fukui/sabae/waterlevelsensor/1,2017-10-13T06:40:01+09:00,78
http://odp.jig.jp/jp/fukui/sabae/waterlevelsensor/1,2017-10-13T06:35:01+09:00,78
http://odp.jig.jp/jp/fukui/sabae/waterlevelsensor/1,2017-10-13T06:30:01+09:00,78
http://odp.jig.jp/jp/fukui/sabae/waterlevelsensor/1,2017-10-13T06:25:01+09:00,78
http://odp.jig.jp/jp/fukui/sabae/waterlevelsensor/1,2017-10-13T06:20:01+09:00,78
http://odp.jig.jp/jp/fukui/sabae/waterlevelsensor/1,2017-10-13T06:15:01+09:00,78
http://odp.jig.jp/jp/fukui/sabae/waterlevelsensor/1,2017-10-13T06:10:01+09:00,78
http://odp.jig.jp/jp/fukui/sabae/waterlevelsensor/1,2017-10-13T06:05:02+09:00,78
http://odp.jig.jp/jp/fukui/sabae/waterlevelsensor/1,2017-10-13T06:00:01+09:00,78
http://odp.jig.jp/jp/fukui/sabae/waterlevelsensor/1,2017-10-13T05:55:01+09:00,78
http://odp.jig.jp/jp/fukui/sabae/waterlevelsensor/1,2017-10-13T05:50:01+09:00,78
http://odp.jig.jp/jp/fukui/sabae/waterlevelsensor/1,2017-10-13T05:45:01+09:00,78
http://odp.jig.jp/jp/fukui/sabae/waterlevelsensor/1,2017-10-13T05:40:01+09:00,78
http://odp.jig.jp/jp/fukui/sabae/waterlevelsensor/1,2017-10-13T05:35:01+09:00,77
http://odp.jig.jp/jp/fukui/sabae/waterlevelsensor/1,2017-10-13T05:30:01+09:00,77
http://odp.jig.jp/jp/fukui/sabae/waterlevelsensor/1,2017-10-13T05:25:01+09:00,77
http://odp.jig.jp/jp/fukui/sabae/waterlevelsensor/1,2017-10-13T05:20:01+09:00,77
http://odp.jig.jp/jp/fukui/sabae/waterlevelsensor/1,2017-10-13T05:15:01+09:00,78
http://odp.jig.jp/jp/fukui/sabae/waterlevelsensor/1,2017-10-13T05:10:01+09:00,77
http://odp.jig.jp/jp/fukui/sabae/waterlevelsensor/1,2017-10-13T05:05:01+09:00,77
http://odp.jig.jp/jp/fukui/sabae/waterlevelsensor/1,2017-10-13T05:00:01+09:00,77
http://odp.jig.jp/jp/fukui/sabae/waterlevelsensor/1,2017-10-13T04:55:02+09:00,78
http://odp.jig.jp/jp/fukui/sabae/waterlevelsensor/1,2017-10-13T04:50:01+09:00,78
http://odp.jig.jp/jp/fukui/sabae/waterlevelsensor/1,2017-10-13T04:45:01+09:00,78
http://odp.jig.jp/jp/fukui/sabae/waterlevelsensor/1,2017-10-13T04:40:01+09:00,77
http://odp.jig.jp/jp/fukui/sabae/waterlevelsensor/1,2017-10-13T04:35:01+09:00,77
http://odp.jig.jp/jp/fukui/sabae/waterlevelsensor/1,2017-10-13T04:30:01+09:00,78
http://odp.jig.jp/jp/fukui/sabae/waterlevelsensor/1,2017-10-13T04:25:01+09:00,78
http://odp.jig.jp/jp/fukui/sabae/waterlevelsensor/1,2017-10-13T04:20:01+09:00,78
http://odp.jig.jp/jp/fukui/sabae/waterlevelsensor/1,2017-10-13T04:15:01+09:00,78
http://odp.jig.jp/jp/fukui/sabae/waterlevelsensor/1,2017-10-13T04:10:01+09:00,77
http://odp.jig.jp/jp/fukui/sabae/waterlevelsensor/1,2017-10-13T04:05:01+09:00,78
http://odp.jig.jp/jp/fukui/sabae/waterlevelsensor/1,2017-10-13T04:00:01+09:00,78
http://odp.jig.jp/jp/fukui/sabae/waterlevelsensor/1,2017-10-13T03:55:01+09:00,78
http://odp.jig.jp/jp/fukui/sabae/waterlevelsensor/1,2017-10-13T03:50:01+09:00,78
http://odp.jig.jp/jp/fukui/sabae/waterlevelsensor/1,2017-10-13T03:45:01+09:00,78
http://odp.jig.jp/jp/fukui/sabae/waterlevelsensor/1,2017-10-13T03:40:01+09:00,78
http://odp.jig.jp/jp/fukui/sabae/waterlevelsensor/1,2017-10-13T03:35:01+09:00,78
http://odp.jig.jp/jp/fukui/sabae/waterlevelsensor/1,2017-10-13T03:30:01+09:00,78
http://odp.jig.jp/jp/fukui/sabae/waterlevelsensor/1,2017-10-13T03:25:01+09:00,78
http://odp.jig.jp/jp/fukui/sabae/waterlevelsensor/1,2017-10-13T03:20:01+09:00,78
http://odp.jig.jp/jp/fukui/sabae/waterlevelsensor/1,2017-10-13T03:15:01+09:00,78
http://odp.jig.jp/jp/fukui/sabae/waterlevelsensor/1,2017-10-13T03:10:01+09:00,78
http://odp.jig.jp/jp/fukui/sabae/waterlevelsensor/1,2017-10-13T03:05:02+09:00,78
http://odp.jig.jp/jp/fukui/sabae/waterlevelsensor/1,2017-10-13T03:00:01+09:00,78
http://odp.jig.jp/jp/fukui/sabae/waterlevelsensor/1,2017-10-13T02:55:01+09:00,78
http://odp.jig.jp/jp/fukui/sabae/waterlevelsensor/1,2017-10-13T02:50:01+09:00,78
http://odp.jig.jp/jp/fukui/sabae/waterlevelsensor/1,2017-10-13T02:45:01+09:00,78
http://odp.jig.jp/jp/fukui/sabae/waterlevelsensor/1,2017-10-13T02:40:01+09:00,78
http://odp.jig.jp/jp/fukui/sabae/waterlevelsensor/1,2017-10-13T02:35:01+09:00,78
http://odp.jig.jp/jp/fukui/sabae/waterlevelsensor/1,2017-10-13T02:30:01+09:00,78
http://odp.jig.jp/jp/fukui/sabae/waterlevelsensor/1,2017-10-13T02:25:01+09:00,78
http://odp.jig.jp/jp/fukui/sabae/waterlevelsensor/1,2017-10-13T02:20:01+09:00,78
http://odp.jig.jp/jp/fukui/sabae/waterlevelsensor/1,2017-10-13T02:15:01+09:00,78
http://odp.jig.jp/jp/fukui/sabae/waterlevelsensor/1,2017-10-13T02:10:01+09:00,78
http://odp.jig.jp/jp/fukui/sabae/waterlevelsensor/1,2017-10-13T02:05:01+09:00,78
http://odp.jig.jp/jp/fukui/sabae/waterlevelsensor/1,2017-10-13T02:00:01+09:00,78
http://odp.jig.jp/jp/fukui/sabae/waterlevelsensor/1,2017-10-13T01:55:01+09:00,78
http://odp.jig.jp/jp/fukui/sabae/waterlevelsensor/1,2017-10-13T01:50:01+09:00,78
http://odp.jig.jp/jp/fukui/sabae/waterlevelsensor/1,2017-10-13T01:45:01+09:00,78
http://odp.jig.jp/jp/fukui/sabae/waterlevelsensor/1,2017-10-13T01:40:01+09:00,78
http://odp.jig.jp/jp/fukui/sabae/waterlevelsensor/1,2017-10-13T01:35:01+09:00,78
http://odp.jig.jp/jp/fukui/sabae/waterlevelsensor/1,2017-10-13T01:30:01+09:00,78
http://odp.jig.jp/jp/fukui/sabae/waterlevelsensor/1,2017-10-13T01:25:02+09:00,78
http://odp.jig.jp/jp/fukui/sabae/waterlevelsensor/1,2017-10-13T01:20:01+09:00,78
http://odp.jig.jp/jp/fukui/sabae/waterlevelsensor/1,2017-10-13T01:15:01+09:00,78
http://odp.jig.jp/jp/fukui/sabae/waterlevelsensor/1,2017-10-13T01:10:01+09:00,77
http://odp.jig.jp/jp/fukui/sabae/waterlevelsensor/1,2017-10-13T01:05:01+09:00,77
http://odp.jig.jp/jp/fukui/sabae/waterlevelsensor/1,2017-10-13T01:00:01+09:00,77
http://odp.jig.jp/jp/fukui/sabae/waterlevelsensor/1,2017-10-13T00:55:01+09:00,77
http://odp.jig.jp/jp/fukui/sabae/waterlevelsensor/1,2017-10-13T00:50:01+09:00,77
http://odp.jig.jp/jp/fukui/sabae/waterlevelsensor/1,2017-10-13T00:45:01+09:00,77
http://odp.jig.jp/jp/fukui/sabae/waterlevelsensor/1,2017-10-13T00:40:01+09:00,77
http://odp.jig.jp/jp/fukui/sabae/waterlevelsensor/1,2017-10-13T00:35:01+09:00,78
http://odp.jig.jp/jp/fukui/sabae/waterlevelsensor/1,2017-10-13T00:30:01+09:00,77
http://odp.jig.jp/jp/fukui/sabae/waterlevelsensor/1,2017-10-13T00:25:01+09:00,77
http://odp.jig.jp/jp/fukui/sabae/waterlevelsensor/1,2017-10-13T00:20:01+09:00,77
http://odp.jig.jp/jp/fukui/sabae/waterlevelsensor/1,2017-10-13T00:15:01+09:00,77
http://odp.jig.jp/jp/fukui/sabae/waterlevelsensor/1,2017-10-13T00:10:01+09:00,77
http://odp.jig.jp/jp/fukui/sabae/waterlevelsensor/1,2017-10-13T00:05:01+09:00,78
http://odp.jig.jp/jp/fukui/sabae/waterlevelsensor/1,2017-10-13T00:00:01+09:00,78
http://odp.jig.jp/jp/fukui/sabae/waterlevelsensor/1,2017-10-12T23:55:02+09:00,78
http://odp.jig.jp/jp/fukui/sabae/waterlevelsensor/1,2017-10-12T23:50:01+09:00,78
http://odp.jig.jp/jp/fukui/sabae/waterlevelsensor/1,2017-10-12T23:45:01+09:00,78
http://odp.jig.jp/jp/fukui/sabae/waterlevelsensor/1,2017-10-12T23:40:01+09:00,78
http://odp.jig.jp/jp/fukui/sabae/waterlevelsensor/1,2017-10-12T23:35:01+09:00,78
http://odp.jig.jp/jp/fukui/sabae/waterlevelsensor/1,2017-10-12T23:30:01+09:00,78
http://odp.jig.jp/jp/fukui/sabae/waterlevelsensor/1,2017-10-12T23:25:01+09:00,78
http://odp.jig.jp/jp/fukui/sabae/waterlevelsensor/1,2017-10-12T23:20:01+09:00,78
http://odp.jig.jp/jp/fukui/sabae/waterlevelsensor/1,2017-10-12T23:15:01+09:00,78
http://odp.jig.jp/jp/fukui/sabae/waterlevelsensor/1,2017-10-12T23:05:01+09:00,78
http://odp.jig.jp/jp/fukui/sabae/waterlevelsensor/1,2017-10-12T23:00:01+09:00,78
http://odp.jig.jp/jp/fukui/sabae/waterlevelsensor/1,2017-10-12T22:55:01+09:00,78
http://odp.jig.jp/jp/fukui/sabae/waterlevelsensor/1,2017-10-12T22:50:01+09:00,78
http://odp.jig.jp/jp/fukui/sabae/waterlevelsensor/1,2017-10-12T22:45:01+09:00,79
http://odp.jig.jp/jp/fukui/sabae/waterlevelsensor/1,2017-10-12T22:40:01+09:00,78
http://odp.jig.jp/jp/fukui/sabae/waterlevelsensor/1,2017-10-12T22:35:01+09:00,79
http://odp.jig.jp/jp/fukui/sabae/waterlevelsensor/1,2017-10-12T22:30:01+09:00,79
http://odp.jig.jp/jp/fukui/sabae/waterlevelsensor/1,2017-10-12T22:25:01+09:00,79
http://odp.jig.jp/jp/fukui/sabae/waterlevelsensor/1,2017-10-12T22:20:01+09:00,79
http://odp.jig.jp/jp/fukui/sabae/waterlevelsensor/1,2017-10-12T22:15:01+09:00,79
http://odp.jig.jp/jp/fukui/sabae/waterlevelsensor/1,2017-10-12T22:10:01+09:00,79
http://odp.jig.jp/jp/fukui/sabae/waterlevelsensor/1,2017-10-12T22:05:01+09:00,79
http://odp.jig.jp/jp/fukui/sabae/waterlevelsensor/1,2017-10-12T22:00:01+09:00,79
http://odp.jig.jp/jp/fukui/sabae/waterlevelsensor/1,2017-10-12T21:55:01+09:00,79
http://odp.jig.jp/jp/fukui/sabae/waterlevelsensor/1,2017-10-12T21:50:01+09:00,79
http://odp.jig.jp/jp/fukui/sabae/waterlevelsensor/1,2017-10-12T21:45:01+09:00,79
http://odp.jig.jp/jp/fukui/sabae/waterlevelsensor/1,2017-10-12T21:40:01+09:00,79
http://odp.jig.jp/jp/fukui/sabae/waterlevelsensor/1,2017-10-12T21:35:01+09:00,79
http://odp.jig.jp/jp/fukui/sabae/waterlevelsensor/1,2017-10-12T21:30:01+09:00,79
http://odp.jig.jp/jp/fukui/sabae/waterlevelsensor/1,2017-10-12T21:25:01+09:00,79
http://odp.jig.jp/jp/fukui/sabae/waterlevelsensor/1,2017-10-12T21:20:01+09:00,79
http://odp.jig.jp/jp/fukui/sabae/waterlevelsensor/1,2017-10-12T21:15:01+09:00,79
http://odp.jig.jp/jp/fukui/sabae/waterlevelsensor/1,2017-10-12T21:10:01+09:00,79
http://odp.jig.jp/jp/fukui/sabae/waterlevelsensor/1,2017-10-12T21:05:01+09:00,79
http://odp.jig.jp/jp/fukui/sabae/waterlevelsensor/1,2017-10-12T21:00:01+09:00,79
http://odp.jig.jp/jp/fukui/sabae/waterlevelsensor/1,2017-10-12T20:55:01+09:00,79
http://odp.jig.jp/jp/fukui/sabae/waterlevelsensor/1,2017-10-12T20:50:01+09:00,79
http://odp.jig.jp/jp/fukui/sabae/waterlevelsensor/1,2017-10-12T20:45:01+09:00,79
http://odp.jig.jp/jp/fukui/sabae/waterlevelsensor/1,2017-10-12T20:40:01+09:00,79
http://odp.jig.jp/jp/fukui/sabae/waterlevelsensor/1,2017-10-12T20:35:01+09:00,79
http://odp.jig.jp/jp/fukui/sabae/waterlevelsensor/1,2017-10-12T20:30:01+09:00,79
http://odp.jig.jp/jp/fukui/sabae/waterlevelsensor/1,2017-10-12T20:25:01+09:00,79
http://odp.jig.jp/jp/fukui/sabae/waterlevelsensor/1,2017-10-12T20:20:01+09:00,79
http://odp.jig.jp/jp/fukui/sabae/waterlevelsensor/1,2017-10-12T20:15:01+09:00,79
http://odp.jig.jp/jp/fukui/sabae/waterlevelsensor/1,2017-10-12T20:10:01+09:00,79
http://odp.jig.jp/jp/fukui/sabae/waterlevelsensor/1,2017-10-12T20:05:01+09:00,79
http://odp.jig.jp/jp/fukui/sabae/waterlevelsensor/1,2017-10-12T20:00:01+09:00,79
http://odp.jig.jp/jp/fukui/sabae/waterlevelsensor/1,2017-10-12T19:50:01+09:00,79
http://odp.jig.jp/jp/fukui/sabae/waterlevelsensor/1,2017-10-12T19:45:01+09:00,79
http://odp.jig.jp/jp/fukui/sabae/waterlevelsensor/1,2017-10-12T19:40:01+09:00,80
http://odp.jig.jp/jp/fukui/sabae/waterlevelsensor/1,2017-10-12T19:35:01+09:00,80
http://odp.jig.jp/jp/fukui/sabae/waterlevelsensor/1,2017-10-12T19:30:01+09:00,79
http://odp.jig.jp/jp/fukui/sabae/waterlevelsensor/1,2017-10-12T19:25:01+09:00,80
http://odp.jig.jp/jp/fukui/sabae/waterlevelsensor/1,2017-10-12T19:20:01+09:00,79
http://odp.jig.jp/jp/fukui/sabae/waterlevelsensor/1,2017-10-12T19:15:01+09:00,80
http://odp.jig.jp/jp/fukui/sabae/waterlevelsensor/1,2017-10-12T19:10:01+09:00,80
http://odp.jig.jp/jp/fukui/sabae/waterlevelsensor/1,2017-10-12T19:05:01+09:00,80
http://odp.jig.jp/jp/fukui/sabae/waterlevelsensor/1,2017-10-12T19:00:01+09:00,80
http://odp.jig.jp/jp/fukui/sabae/waterlevelsensor/1,2017-10-12T18:55:02+09:00,80
http://odp.jig.jp/jp/fukui/sabae/waterlevelsensor/1,2017-10-12T18:50:01+09:00,80
http://odp.jig.jp/jp/fukui/sabae/waterlevelsensor/1,2017-10-12T18:45:01+09:00,80
http://odp.jig.jp/jp/fukui/sabae/waterlevelsensor/1,2017-10-12T18:40:01+09:00,80
http://odp.jig.jp/jp/fukui/sabae/waterlevelsensor/1,2017-10-12T18:35:01+09:00,80
http://odp.jig.jp/jp/fukui/sabae/waterlevelsensor/1,2017-10-12T18:30:01+09:00,80
http://odp.jig.jp/jp/fukui/sabae/waterlevelsensor/1,2017-10-12T18:25:01+09:00,80
http://odp.jig.jp/jp/fukui/sabae/waterlevelsensor/1,2017-10-12T18:20:01+09:00,81
http://odp.jig.jp/jp/fukui/sabae/waterlevelsensor/1,2017-10-12T18:15:01+09:00,80
http://odp.jig.jp/jp/fukui/sabae/waterlevelsensor/1,2017-10-12T18:10:01+09:00,81
http://odp.jig.jp/jp/fukui/sabae/waterlevelsensor/1,2017-10-12T18:05:01+09:00,81
http://odp.jig.jp/jp/fukui/sabae/waterlevelsensor/1,2017-10-12T18:00:01+09:00,81
http://odp.jig.jp/jp/fukui/sabae/waterlevelsensor/1,2017-10-12T17:55:01+09:00,81
http://odp.jig.jp/jp/fukui/sabae/waterlevelsensor/1,2017-10-12T17:50:01+09:00,81
http://odp.jig.jp/jp/fukui/sabae/waterlevelsensor/1,2017-10-12T17:45:01+09:00,81
http://odp.jig.jp/jp/fukui/sabae/waterlevelsensor/1,2017-10-12T17:40:01+09:00,81
http://odp.jig.jp/jp/fukui/sabae/waterlevelsensor/1,2017-10-12T17:35:01+09:00,81
http://odp.jig.jp/jp/fukui/sabae/waterlevelsensor/1,2017-10-12T17:30:01+09:00,81
http://odp.jig.jp/jp/fukui/sabae/waterlevelsensor/1,2017-10-12T17:25:01+09:00,81
http://odp.jig.jp/jp/fukui/sabae/waterlevelsensor/1,2017-10-12T17:20:01+09:00,81
http://odp.jig.jp/jp/fukui/sabae/waterlevelsensor/1,2017-10-12T17:15:01+09:00,81
http://odp.jig.jp/jp/fukui/sabae/waterlevelsensor/1,2017-10-12T17:10:01+09:00,81
http://odp.jig.jp/jp/fukui/sabae/waterlevelsensor/1,2017-10-12T17:05:01+09:00,81
http://odp.jig.jp/jp/fukui/sabae/waterlevelsensor/1,2017-10-12T17:00:01+09:00,81
http://odp.jig.jp/jp/fukui/sabae/waterlevelsensor/1,2017-10-12T16:55:01+09:00,81
http://odp.jig.jp/jp/fukui/sabae/waterlevelsensor/1,2017-10-12T16:50:01+09:00,82
http://odp.jig.jp/jp/fukui/sabae/waterlevelsensor/1,2017-10-12T16:45:01+09:00,82
http://odp.jig.jp/jp/fukui/sabae/waterlevelsensor/1,2017-10-12T16:35:01+09:00,82
http://odp.jig.jp/jp/fukui/sabae/waterlevelsensor/1,2017-10-12T16:30:01+09:00,82
http://odp.jig.jp/jp/fukui/sabae/waterlevelsensor/1,2017-10-12T16:25:01+09:00,82
http://odp.jig.jp/jp/fukui/sabae/waterlevelsensor/1,2017-10-12T16:20:01+09:00,82
http://odp.jig.jp/jp/fukui/sabae/waterlevelsensor/1,2017-10-12T16:15:01+09:00,82
http://odp.jig.jp/jp/fukui/sabae/waterlevelsensor/1,2017-10-12T16:10:01+09:00,82
http://odp.jig.jp/jp/fukui/sabae/waterlevelsensor/1,2017-10-12T16:05:01+09:00,82
http://odp.jig.jp/jp/fukui/sabae/waterlevelsensor/1,2017-10-12T16:00:01+09:00,83
http://odp.jig.jp/jp/fukui/sabae/waterlevelsensor/1,2017-10-12T15:55:01+09:00,83
http://odp.jig.jp/jp/fukui/sabae/waterlevelsensor/1,2017-10-12T15:50:01+09:00,83
http://odp.jig.jp/jp/fukui/sabae/waterlevelsensor/1,2017-10-12T15:45:01+09:00,83
http://odp.jig.jp/jp/fukui/sabae/waterlevelsensor/1,2017-10-12T15:40:01+09:00,83
http://odp.jig.jp/jp/fukui/sabae/waterlevelsensor/1,2017-10-12T15:35:01+09:00,83
http://odp.jig.jp/jp/fukui/sabae/waterlevelsensor/1,2017-10-12T15:30:01+09:00,83
http://odp.jig.jp/jp/fukui/sabae/waterlevelsensor/1,2017-10-12T15:25:01+09:00,83
http://odp.jig.jp/jp/fukui/sabae/waterlevelsensor/1,2017-10-12T15:20:01+09:00,83
http://odp.jig.jp/jp/fukui/sabae/waterlevelsensor/1,2017-10-12T15:15:01+09:00,83
http://odp.jig.jp/jp/fukui/sabae/waterlevelsensor/1,2017-10-12T15:10:01+09:00,83
http://odp.jig.jp/jp/fukui/sabae/waterlevelsensor/1,2017-10-12T15:05:01+09:00,84
http://odp.jig.jp/jp/fukui/sabae/waterlevelsensor/1,2017-10-12T15:00:01+09:00,84
http://odp.jig.jp/jp/fukui/sabae/waterlevelsensor/1,2017-10-12T14:55:01+09:00,84
http://odp.jig.jp/jp/fukui/sabae/waterlevelsensor/1,2017-10-12T14:50:01+09:00,84
http://odp.jig.jp/jp/fukui/sabae/waterlevelsensor/1,2017-10-12T14:45:01+09:00,84
http://odp.jig.jp/jp/fukui/sabae/waterlevelsensor/1,2017-10-12T14:40:01+09:00,84
http://odp.jig.jp/jp/fukui/sabae/waterlevelsensor/1,2017-10-12T14:35:01+09:00,84
http://odp.jig.jp/jp/fukui/sabae/waterlevelsensor/1,2017-10-12T14:30:01+09:00,85
http://odp.jig.jp/jp/fukui/sabae/waterlevelsensor/1,2017-10-12T14:25:01+09:00,85
http://odp.jig.jp/jp/fukui/sabae/waterlevelsensor/1,2017-10-12T14:20:01+09:00,85
http://odp.jig.jp/jp/fukui/sabae/waterlevelsensor/1,2017-10-12T14:15:02+09:00,85
http://odp.jig.jp/jp/fukui/sabae/waterlevelsensor/1,2017-10-12T14:10:01+09:00,85
http://odp.jig.jp/jp/fukui/sabae/waterlevelsensor/1,2017-10-12T14:05:01+09:00,85
http://odp.jig.jp/jp/fukui/sabae/waterlevelsensor/1,2017-10-12T13:55:01+09:00,86
http://odp.jig.jp/jp/fukui/sabae/waterlevelsensor/1,2017-10-12T13:50:01+09:00,86
http://odp.jig.jp/jp/fukui/sabae/waterlevelsensor/1,2017-10-12T13:45:01+09:00,86
http://odp.jig.jp/jp/fukui/sabae/waterlevelsensor/1,2017-10-12T13:40:01+09:00,86
http://odp.jig.jp/jp/fukui/sabae/waterlevelsensor/1,2017-10-12T13:35:01+09:00,86
http://odp.jig.jp/jp/fukui/sabae/waterlevelsensor/1,2017-10-12T13:30:01+09:00,86
http://odp.jig.jp/jp/fukui/sabae/waterlevelsensor/1,2017-10-12T13:25:01+09:00,87
http://odp.jig.jp/jp/fukui/sabae/waterlevelsensor/1,2017-10-12T13:20:01+09:00,87
http://odp.jig.jp/jp/fukui/sabae/waterlevelsensor/1,2017-10-12T13:15:01+09:00,87
http://odp.jig.jp/jp/fukui/sabae/waterlevelsensor/1,2017-10-12T13:10:01+09:00,87
http://odp.jig.jp/jp/fukui/sabae/waterlevelsensor/1,2017-10-12T13:05:01+09:00,87
http://odp.jig.jp/jp/fukui/sabae/waterlevelsensor/1,2017-10-12T13:00:01+09:00,87
http://odp.jig.jp/jp/fukui/sabae/waterlevelsensor/1,2017-10-12T12:55:02+09:00,87
http://odp.jig.jp/jp/fukui/sabae/waterlevelsensor/1,2017-10-12T12:50:01+09:00,87
http://odp.jig.jp/jp/fukui/sabae/waterlevelsensor/1,2017-10-12T12:45:01+09:00,88
http://odp.jig.jp/jp/fukui/sabae/waterlevelsensor/1,2017-10-12T12:40:01+09:00,88
http://odp.jig.jp/jp/fukui/sabae/waterlevelsensor/1,2017-10-12T12:35:01+09:00,88
http://odp.jig.jp/jp/fukui/sabae/waterlevelsensor/1,2017-10-12T12:30:01+09:00,89
http://odp.jig.jp/jp/fukui/sabae/waterlevelsensor/1,2017-10-12T12:25:01+09:00,89
http://odp.jig.jp/jp/fukui/sabae/waterlevelsensor/1,2017-10-12T12:20:02+09:00,89
http://odp.jig.jp/jp/fukui/sabae/waterlevelsensor/1,2017-10-12T12:15:01+09:00,89
http://odp.jig.jp/jp/fukui/sabae/waterlevelsensor/1,2017-10-12T12:10:01+09:00,89
http://odp.jig.jp/jp/fukui/sabae/waterlevelsensor/1,2017-10-12T12:05:01+09:00,89
http://odp.jig.jp/jp/fukui/sabae/waterlevelsensor/1,2017-10-12T12:00:01+09:00,90
http://odp.jig.jp/jp/fukui/sabae/waterlevelsensor/1,2017-10-12T11:55:01+09:00,90
http://odp.jig.jp/jp/fukui/sabae/waterlevelsensor/1,2017-10-12T11:50:01+09:00,90
http://odp.jig.jp/jp/fukui/sabae/waterlevelsensor/1,2017-10-12T11:45:01+09:00,90
http://odp.jig.jp/jp/fukui/sabae/waterlevelsensor/1,2017-10-12T11:40:01+09:00,90
http://odp.jig.jp/jp/fukui/sabae/waterlevelsensor/1,2017-10-12T11:35:01+09:00,91
http://odp.jig.jp/jp/fukui/sabae/waterlevelsensor/1,2017-10-12T11:30:01+09:00,91
http://odp.jig.jp/jp/fukui/sabae/waterlevelsensor/1,2017-10-12T11:25:01+09:00,91
http://odp.jig.jp/jp/fukui/sabae/waterlevelsensor/1,2017-10-12T11:20:01+09:00,91
http://odp.jig.jp/jp/fukui/sabae/waterlevelsensor/1,2017-10-12T11:15:01+09:00,91
http://odp.jig.jp/jp/fukui/sabae/waterlevelsensor/1,2017-10-12T11:10:01+09:00,91
http://odp.jig.jp/jp/fukui/sabae/waterlevelsensor/1,2017-10-12T11:05:01+09:00,92
http://odp.jig.jp/jp/fukui/sabae/waterlevelsensor/1,2017-10-12T11:00:01+09:00,92
http://odp.jig.jp/jp/fukui/sabae/waterlevelsensor/1,2017-10-12T10:55:01+09:00,92
http://odp.jig.jp/jp/fukui/sabae/waterlevelsensor/1,2017-10-12T10:50:01+09:00,92
http://odp.jig.jp/jp/fukui/sabae/waterlevelsensor/1,2017-10-12T10:45:01+09:00,93
http://odp.jig.jp/jp/fukui/sabae/waterlevelsensor/1,2017-10-12T10:40:01+09:00,93
http://odp.jig.jp/jp/fukui/sabae/waterlevelsensor/1,2017-10-12T10:35:01+09:00,93
http://odp.jig.jp/jp/fukui/sabae/waterlevelsensor/1,2017-10-12T10:30:01+09:00,93
http://odp.jig.jp/jp/fukui/sabae/waterlevelsensor/1,2017-10-12T10:25:01+09:00,94
http://odp.jig.jp/jp/fukui/sabae/waterlevelsensor/1,2017-10-12T10:20:01+09:00,94
http://odp.jig.jp/jp/fukui/sabae/waterlevelsensor/1,2017-10-12T10:15:01+09:00,94
http://odp.jig.jp/jp/fukui/sabae/waterlevelsensor/1,2017-10-12T10:10:01+09:00,94
http://odp.jig.jp/jp/fukui/sabae/waterlevelsensor/1,2017-10-12T10:05:01+09:00,94
http://odp.jig.jp/jp/fukui/sabae/waterlevelsensor/1,2017-10-12T10:00:01+09:00,95
http://odp.jig.jp/jp/fukui/sabae/waterlevelsensor/1,2017-10-12T09:55:01+09:00,95
http://odp.jig.jp/jp/fukui/sabae/waterlevelsensor/1,2017-10-12T09:50:01+09:00,95
